Workbook
Name Dulieutho: 'Dữ liệu thô'!$1:$1048576

Sheet Dữ liệu thô
A1: 1 | B1: 2 | C1: 3 | D1: 4 | E1: 5 | F1: 6 | G1: 7 | H1: 8 | I1: 9 | J1: 10 | K1: 11 | L1: 12 | M1: 13 | N1: 14 | O1: 15 | P1: 16 | Q1: 17 | R1: 18 | S1: 19 | T1: 20 | U1: 21 | V1: 22 | W1: 23 | X1: 24 | Y1: 25 | Z1: 26 | AA1: 27 | AB1: 28 | AC1: 29 | AD1: 30 | AE1: 31 | AF1: 32 | AG1: 33 | AH1: 34 | AI1: 35 | AJ1: 36 | AK1: 37 | AL1: 38 | AM1: 39 | AN1: 40 | AO1: 41 | AP1: 42 | AQ1: 43 | AR1: 44 | AS1: 45 | AT1: 46 | AU1: 47 | AV1: 48 | AW1: 49 | AX1: 50
A2: Nhãn Hàng | B2: Băng keo (10 cuộn / cây) | C2: Bánh mì hamburger (4 cái / bịch) | D2: Bánh Mì Hotdog ( 4 cái/bịch) | E2: Bánh mì pita (10 cái/bịch) | F2: Bánh mì sandwich (24m/bịch) | G2: Banner 4 Loại Bánh 20.000 ( mau moi 22.000) | H2: Bao tay xốp ( 1kg/ bịch) | I2: Bịt rác đen lớn (25Cai/KG) | J2: Bột chanh 1kg/tui | K2: Bột Kem Sữa Cacao (500g / túi) | L2: Chà bông xốp ( 1kg/bịch) | M2: Dầu ăn ( 2 lit/bình ) | N2: Đường trắng (12kg/bao) | O2: Giấy gói bánh mì ( 500 tờ/xấp) | P2: Hộp Giấy Buger Gà (150 cái/ thùng) | Q2: Hộp Giấy Pita Gà (100 cái/ xấp) | R2: Hộp Giấy Sanwich (100 cái/ xấp) | S2: Jam Bon đặt biệt ( 250g/bịch) | T2: Khăn giấy (100 tờ/ xấp) | U2: Ly giấy in logo 1p30s (1000 cái/thùng) | V2: Màng ép ly 1p30s ( 3600ly/ cuộn) | W2: Miếng thịt bò hỗn hợp (30 miếng/thùng) | X2: Miếng thịt burger gà (60 miếng/thùng) | Y2: Miếng thịt burger Tôm (30 miếng/thùng) | Z2: Miếng thịt hamburger (90 miếng/thùng) | AA2: Nắp ly nhựa phi 90 ( 50 cái/ bao) | AB2: Nước Ngọt pesi 1.5 lit / chai (12 chai/ thùng) | AC2: ống hút Giấy đầu nhọn (250 cây/ bao) | AD2: Pate gan (0.5 kg / bịch) | AE2: Sốt Phô Mai (0.5kg/túi) | AF2: Sữa bột 25kg/bịch) | AG2: Tạp Dề | AH2: Trà Đen (1kg/ bich) | AI2: Túi dựng ly 1p30s (Bột sắn + Phụ Gia) ( 192 cái / kg) | AJ2: Túi Giấy Đựng Pita (100 cái/ xấp) | AK2: Túi Giấy Hotdog (100 cái/ xấp) | AL2: Tương cà lớn (2Lit/Bình) | AM2: Tương Mayonaise ( 1kg/bịch) | AN2: Tương mù tạc (0.5kg/ bịch) | AO2: Tương ớt Cholimex (270gram/chai) | AP2: Xúc Xích ( 10 cây / 0.5kg) | AQ2: (trống) | AR2: Muối Tiêu ( 06 chai / lốc) | AS2: Nón Ăn Sáng | AT2: Dưa chuột muối OTTOGI (250g/túi, 35 túi/thùng) | AU2: Kệ Inox Di Động | AV2: Hộp Sandwich Gà | AW2: Khẩu trang y tế (50 cái / hộp) | AX2: Tờ rơi giá bò 22.000, gà 27.000 (500 tờ / xấp)
A3: F1-021 | C3: 208 | D3: 36 | E3: 70 | F3: 96 | J3: 1 | K3: 2 | O3: 500 | X3: 180 | Y3: 60 | Z3: 180 | AB3: 12 | AE3: 0.5 | AI3: 1 | AL3: 2 | AO3: 2 | AP3: 30
A4: F1-022 | C4: 888 | D4: 268 | E4: 230 | F4: 384 | H4: 1 | J4: 2 | K4: 2.5 | L4: 2 | M4: 24 | O4: 500 | P4: 450 | Q4: 100 | R4: 200 | S4: 3.5 | T4: 3 | U4: 1000 | X4: 60 | AA4: 1500 | AB4: 60 | AC4: 4 | AE4: 1 | AI4: 7 | AJ4: 100 | AK4: 300 | AL4: 14 | AM4: 10 | AO4: 7 | AP4: 220
A5: F1-076 | B5: 20 | C5: 1288 | D5: 244 | E5: 290 | F5: 48 | M5: 36 | O5: 1000 | P5: 450 | R5: 100 | S5: 1.5 | U5: 3000 | V5: 1 | X5: 1020 | Y5: 90 | Z5: 180 | AB5: 48 | AC5: 12 | AD5: 3 | AE5: 1 | AI5: 3 | AJ5: 400 | AK5: 300 | AL5: 14 | AM5: 2 | AN5: 1 | AO5: 11 | AP5: 140
A6: F1-115 | C6: 492 | D6: 92 | E6: 70 | F6: 144 | K6: 4 | L6: 1 | M6: 10 | P6: 300 | R6: 100 | S6: 1 | U6: 1000 | X6: 240 | Y6: 60 | Z6: 270 | AA6: 600 | AB6: 36 | AC6: 4 | AE6: 2 | AH6: 1 | AI6: 2 | AL6: 2 | AM6: 2 | AO6: 6 | AP6: 70
A7: F1-176 | C7: 460 | D7: 48 | E7: 60 | F7: 24 | K7: 9 | M7: 6 | P7: 450 | V7: 1 | X7: 660 | Y7: 30 | Z7: 90 | AB7: 36 | AD7: 1 | AH7: 2 | AI7: 6 | AJ7: 100 | AK7: 200 | AL7: 12 | AM7: 4 | AP7: 120
A8: F1-184 | B8: 10 | C8: 3480 | D8: 656 | E8: 500 | F8: 816 | H8: 1 | J8: 10 | K8: 32 | L8: 1 | M8: 12 | N8: 12 | O8: 1500 | P8: 2100 | Q8: 300 | R8: 300 | S8: 4 | U8: 5000 | V8: 1 | X8: 2520 | Y8: 390 | Z8: 1440 | AB8: 156 | AC8: 20 | AD8: 1 | AE8: 1.5 | AF8: 25 | AH8: 3 | AI8: 23 | AJ8: 300 | AK8: 700 | AL8: 18 | AM8: 18 | AN8: 1.5 | AO8: 2 | AP8: 400
A9: F1-191 | B9: 10 | C9: 1152 | D9: 148 | E9: 350 | F9: 360 | G9: 2 | H9: 2 | J9: 5 | K9: 3 | L9: 1 | M9: 48 | N9: 24 | O9: 1000 | R9: 200 | S9: 1.5 | U9: 2000 | V9: 1 | W9: 120 | X9: 900 | Y9: 240 | Z9: 540 | AB9: 48 | AC9: 9 | AD9: 3 | AE9: 3 | AF9: 25 | AH9: 2 | AI9: 9 | AJ9: 400 | AK9: 200 | AL9: 14 | AM9: 12 | AN9: 1.5 | AO9: 21 | AP9: 230
A10: F1-209 | C10: 728 | D10: 100 | E10: 210 | F10: 288 | H10: 1 | J10: 3 | K10: 4 | L10: 1 | M10: 96 | N10: 24 | O10: 1000 | S10: 0.5 | U10: 1000 | V10: 1 | W10: 210 | X10: 1740 | Y10: 360 | Z10: 1440 | AB10: 60 | AC10: 4 | AD10: 1 | AE10: 2 | AF10: 25 | AH10: 1 | AI10: 6 | AJ10: 200 | AK10: 100 | AL10: 8 | AM10: 6 | AN10: 0.5 | AO10: 3 | AP10: 400
A11: F1-215 | B11: 20 | C11: 1348 | D11: 168 | E11: 320 | F11: 336 | H11: 1 | J11: 6 | K11: 8 | L11: 1 | N11: 24 | O11: 1000 | P11: 300 | Q11: 100 | R11: 100 | S11: 1 | U11: 2000 | V11: 1 | AB11: 48 | AC11: 8 | AD11: 3 | AE11: 1 | AG11: 2 | AH11: 3 | AI11: 8 | AJ11: 200 | AK11: 200 | AL11: 18 | AM11: 13 | AN11: 1 | AO11: 16
A12: F2-019 | C12: 1144 | D12: 172 | E12: 320 | F12: 312 | J12: 2 | K12: 2.5 | L12: 2 | M12: 8 | N12: 24 | O12: 1000 | P12: 600 | R12: 100 | S12: 1 | U12: 1000 | V12: 1 | X12: 480 | Y12: 150 | Z12: 900 | AB12: 48 | AC12: 4 | AE12: 1 | AH12: 3 | AI12: 8 | AJ12: 300 | AK12: 200 | AL12: 14 | AM12: 6 | AN12: 1 | AO12: 2 | AP12: 140
A13: F2-020 | B13: 10 | C13: 968 | D13: 236 | E13: 260 | F13: 312 | H13: 1 | J13: 4 | K13: 8 | L13: 1 | M13: 8 | N13: 12 | P13: 900 | Q13: 200 | R13: 100 | S13: 3 | U13: 2000 | V13: 1 | W13: 240 | X13: 780 | Y13: 150 | Z13: 270 | AB13: 60 | AC13: 8 | AE13: 2.5 | AH13: 2 | AI13: 5 | AK13: 200 | AL13: 12 | AM13: 8 | AP13: 180 | AT13: 4 | AV13: 100
A14: F2-023 | C14: 1140 | D14: 228 | E14: 270 | F14: 336 | K14: 11.5 | L14: 1 | M14: 10 | N14: 24 | O14: 500 | P14: 900 | Q14: 100 | S14: 1 | U14: 1000 | W14: 90 | X14: 780 | Y14: 180 | Z14: 450 | AB14: 72 | AC14: 4 | AD14: 3 | AE14: 2 | AF14: 25 | AH14: 2 | AI14: 5 | AK14: 200 | AL14: 14 | AM14: 5 | AN14: 0.5 | AO14: 5 | AP14: 140
A15: F2-036 | C15: 2556 | D15: 148 | E15: 600 | F15: 192 | K15: 21.5 | M15: 28 | N15: 36 | O15: 500 | P15: 1350 | Q15: 300 | R15: 200 | S15: 2 | U15: 3000 | V15: 1 | W15: 210 | X15: 2040 | Y15: 180 | Z15: 900 | AB15: 60 | AC15: 12 | AE15: 3 | AF15: 50 | AH15: 6 | AI15: 17 | AJ15: 300 | AK15: 200 | AL15: 28 | AM15: 19 | AO15: 2 | AP15: 160
A16: F2-058 | C16: 488 | D16: 128 | E16: 120 | F16: 144 | J16: 2 | K16: 1.5 | L16: 1 | M16: 10 | N16: 12 | P16: 450 | R16: 100 | S16: 1 | U16: 1000 | V16: 1 | W16: 60 | X16: 360 | Y16: 120 | Z16: 90 | AA16: 600 | AB16: 36 | AC16: 4 | AE16: 1.5 | AF16: 25 | AH16: 1 | AI16: 6 | AJ16: 300 | AK16: 100 | AL16: 4 | AM16: 3 | AN16: 1 | AO16: 7 | AP16: 140
A17: F2-144 | C17: 1080 | D17: 180 | E17: 790 | F17: 480 | J17: 4 | K17: 15 | L17: 1 | M17: 18 | N17: 24 | O17: 500 | P17: 750 | Q17: 400 | R17: 300 | S17: 2 | U17: 2000 | V17: 1 | W17: 30 | X17: 1020 | Y17: 150 | Z17: 540 | AB17: 72 | AC17: 8 | AD17: 2 | AE17: 1 | AF17: 25 | AH17: 4 | AI17: 6 | AJ17: 300 | AK17: 200 | AL17: 18 | AM17: 13 | AO17: 4 | AP17: 180 | AV17: 100
A18: F2-146 | C18: 1040 | D18: 132 | E18: 100 | F18: 72 | J18: 2 | K18: 4 | M18: 2 | N18: 12 | P18: 150 | X18: 660 | Z18: 360 | AF18: 25 | AI18: 2 | AJ18: 100 | AK18: 100 | AL18: 4 | AP18: 110
A19: F2-214 | C19: 812 | D19: 92 | E19: 70 | F19: 96 | H19: 1 | M19: 14 | O19: 1000 | P19: 300 | Q19: 100 | U19: 1000 | V19: 1 | X19: 900 | Y19: 60 | Z19: 450 | AB19: 96 | AC19: 4 | AE19: 3 | AG19: 2 | AI19: 8 | AJ19: 100 | AK19: 100 | AL19: 4 | AM19: 10 | AP19: 70 | AS19: 1
A20: F2-236 | B20: 10 | C20: 464 | D20: 60 | E20: 140 | F20: 144 | I20: 1 | J20: 2 | K20: 5 | M20: 12 | P20: 300 | S20: 0.5 | T20: 2 | X20: 300 | Y20: 60 | Z20: 270 | AB20: 36 | AH20: 1 | AI20: 3 | AL20: 8 | AM20: 3 | AO20: 3 | AP20: 50
A21: F2-283 | B21: 10 | C21: 844 | D21: 128 | E21: 350 | F21: 336 | J21: 3 | K21: 9.5 | L21: 1 | M21: 6 | O21: 500 | P21: 600 | Q21: 200 | R21: 200 | S21: 1.5 | U21: 1000 | X21: 480 | Y21: 180 | Z21: 540 | AB21: 48 | AC21: 4 | AE21: 0.5 | AF21: 25 | AH21: 2 | AI21: 6 | AJ21: 100 | AK21: 100 | AL21: 10 | AM21: 5 | AN21: 0.5 | AO21: 1 | AP21: 150
A22: F3-026 | C22: 1456 | D22: 164 | E22: 430 | F22: 312 | K22: 11 | L22: 1 | M22: 4 | N22: 24 | P22: 900 | Q22: 200 | R22: 100 | S22: 0.5 | U22: 2000 | X22: 1080 | Y22: 150 | Z22: 270 | AB22: 24 | AC22: 4 | AF22: 25 | AG22: 1 | AH22: 4 | AI22: 8 | AJ22: 100 | AK22: 100 | AL22: 12 | AM22: 5 | AP22: 160 | AS22: 3
A23: F3-027 | C23: 384 | D23: 60 | E23: 140 | F23: 96 | K23: 6 | L23: 1 | M23: 6 | N23: 12 | P23: 300 | R23: 100 | S23: 0.5 | X23: 240 | Y23: 90 | Z23: 270 | AB23: 36 | AF23: 25 | AH23: 2 | AI23: 4 | AJ23: 100 | AK23: 100 | AL23: 6 | AM23: 2 | AO23: 1 | AP23: 60
A24: F3-028 | C24: 680 | D24: 52 | E24: 180 | F24: 120 | K24: 6 | M24: 8 | N24: 12 | P24: 600 | Q24: 100 | R24: 100 | S24: 0.5 | U24: 1000 | X24: 480 | Y24: 90 | Z24: 360 | AB24: 24 | AC24: 4 | AH24: 3 | AI24: 4 | AJ24: 200 | AL24: 8 | AM24: 2 | AO24: 4 | AP24: 60
A25: F3-029 | C25: 1436 | D25: 176 | E25: 410 | F25: 360 | K25: 12 | L25: 2 | M25: 12 | N25: 12 | O25: 500 | P25: 1050 | Q25: 300 | R25: 200 | S25: 1 | U25: 2000 | V25: 1 | X25: 1140 | Y25: 210 | Z25: 540 | AB25: 72 | AC25: 8 | AD25: 2 | AF25: 25 | AH25: 3 | AI25: 10 | AJ25: 200 | AK25: 200 | AL25: 18 | AM25: 6 | AO25: 2 | AP25: 180
A26: F3-030 | C26: 828 | D26: 76 | E26: 210 | F26: 336 | J26: 1 | K26: 4 | L26: 1 | M26: 6 | P26: 600 | R26: 100 | S26: 1 | U26: 1000 | X26: 600 | Y26: 90 | Z26: 360 | AB26: 36 | AC26: 4 | AF26: 25 | AH26: 2 | AI26: 6 | AJ26: 100 | AK26: 100 | AL26: 8 | AM26: 5 | AO26: 8 | AP26: 110 | AT26: 1 | AV26: 100
A27: F3-044 | B27: 10 | C27: 1480 | D27: 176 | E27: 340 | F27: 480 | J27: 6 | K27: 26 | L27: 1 | M27: 22 | N27: 24 | O27: 1000 | P27: 1050 | Q27: 200 | R27: 300 | S27: 4 | U27: 3000 | V27: 1 | W27: 60 | X27: 1140 | Y27: 240 | Z27: 720 | AA27: 100 | AB27: 108 | AC27: 12 | AD27: 3 | AE27: 1.5 | AF27: 75 | AH27: 3 | AI27: 10 | AJ27: 100 | AK27: 300 | AL27: 20 | AM27: 11 | AN27: 0.5 | AO27: 10 | AP27: 160 | AV27: 100
A28: F3-097 | B28: 10 | C28: 1956 | D28: 368 | E28: 350 | F28: 624 | J28: 3 | K28: 2 | L28: 2 | M28: 16 | N28: 48 | O28: 500 | P28: 1200 | R28: 300 | S28: 3 | U28: 3000 | V28: 1 | X28: 1680 | Y28: 150 | Z28: 630 | AB28: 60 | AC28: 12 | AD28: 5 | AE28: 3 | AF28: 25 | AH28: 5 | AI28: 14 | AJ28: 300 | AK28: 300 | AL28: 18 | AM28: 6 | AN28: 1 | AP28: 330 | AV28: 100
A29: F3-112 | C29: 1800 | D29: 128 | E29: 120 | F29: 96 | J29: 5 | K29: 7 | L29: 1 | M29: 12 | N29: 12 | O29: 500 | P29: 1200 | S29: 0.5 | T29: 1 | U29: 2000 | V29: 1 | X29: 1200 | Y29: 120 | Z29: 720 | AA29: 100 | AB29: 120 | AC29: 8 | AH29: 1 | AI29: 8 | AJ29: 100 | AK29: 200 | AL29: 12 | AM29: 7 | AO29: 1 | AP29: 130
A30: F3-122 | C30: 820 | D30: 84 | E30: 140 | F30: 96 | J30: 2 | K30: 8 | M30: 16 | O30: 500 | P30: 600 | R30: 100 | U30: 1000 | V30: 1 | X30: 660 | Y30: 90 | Z30: 180 | AB30: 12 | AC30: 4 | AE30: 0.5 | AH30: 2 | AI30: 5 | AJ30: 100 | AK30: 100 | AL30: 8 | AM30: 7 | AO30: 5 | AP30: 90
A31: F3-150 | C31: 720 | D31: 80 | E31: 60 | F31: 168 | M31: 10 | N31: 12 | O31: 500 | P31: 600 | Q31: 100 | R31: 100 | S31: 1 | U31: 1000 | V31: 1 | W31: 30 | X31: 600 | Y31: 120 | Z31: 180 | AA31: 100 | AB31: 72 | AC31: 4 | AD31: 1 | AE31: 1 | AH31: 1 | AI31: 4 | AK31: 100 | AL31: 10 | AM31: 3 | AN31: 0.5 | AO31: 1 | AP31: 90
A32: F3-157 | B32: 30 | C32: 3672 | D32: 696 | E32: 210 | F32: 408 | K32: 6 | L32: 2 | M32: 12 | N32: 48 | O32: 1500 | P32: 2400 | R32: 300 | S32: 3.5 | U32: 2000 | W32: 90 | X32: 2880 | Y32: 240 | Z32: 1080 | AB32: 36 | AC32: 8 | AD32: 1 | AE32: 1.5 | AF32: 25 | AH32: 3 | AI32: 5 | AJ32: 100 | AK32: 700 | AL32: 6 | AM32: 18 | AO32: 2 | AP32: 740 | AS32: 5 | AV32: 100
A33: F3-159 | C33: 980 | D33: 60 | E33: 50 | H33: 1 | M33: 14 | N33: 12 | P33: 750 | U33: 1000 | X33: 780 | Y33: 90 | Z33: 270 | AA33: 100 | AB33: 84 | AC33: 4 | AE33: 0.5 | AF33: 25 | AH33: 1 | AI33: 4 | AK33: 100 | AL33: 8 | AM33: 3 | AO33: 1 | AP33: 50
A34: F3-180 | C34: 916 | D34: 104 | E34: 150 | F34: 168 | J34: 4 | K34: 12 | M34: 10 | N34: 12 | O34: 500 | P34: 750 | Q34: 100 | S34: 0.5 | U34: 1000 | X34: 720 | Y34: 150 | Z34: 270 | AB34: 36 | AC34: 4 | AD34: 1 | AE34: 0.5 | AH34: 1 | AI34: 4 | AK34: 100 | AL34: 8 | AM34: 4 | AN34: 0.5 | AP34: 110 | AS34: 1
A35: F3-192 | C35: 588 | D35: 52 | E35: 220 | F35: 144 | J35: 2 | K35: 11 | M35: 6 | O35: 500 | P35: 300 | Q35: 100 | S35: 0.5 | X35: 300 | Y35: 180 | Z35: 270 | AB35: 12 | AE35: 1.5 | AH35: 1 | AI35: 3 | AJ35: 100 | AL35: 8 | AM35: 11 | AN35: 0.5 | AP35: 50
A36: F3-200 | C36: 1224 | D36: 176 | E36: 160 | F36: 336 | K36: 2 | M36: 18 | P36: 600 | U36: 2000 | V36: 1 | X36: 780 | Y36: 90 | Z36: 90 | AB36: 48 | AC36: 8 | AE36: 2.5 | AG36: 3 | AI36: 5 | AK36: 200 | AL36: 4 | AM36: 9 | AO36: 1 | AP36: 110 | AS36: 2
A37: F3-210 | B37: 10 | C37: 2152 | D37: 380 | E37: 130 | F37: 192 | I37: 1 | K37: 16 | L37: 1 | M37: 32 | N37: 24 | O37: 500 | P37: 1650 | Q37: 100 | S37: 1.5 | T37: 2 | U37: 2000 | V37: 2 | X37: 1740 | Y37: 120 | Z37: 630 | AB37: 108 | AC37: 8 | AD37: 1 | AE37: 0.5 | AF37: 25 | AH37: 3 | AI37: 14 | AK37: 400 | AL37: 18 | AM37: 6 | AO37: 1 | AP37: 360
A38: F3-224 | C38: 704 | D38: 72 | E38: 140 | F38: 144 | K38: 12 | L38: 1 | M38: 12 | N38: 12 | P38: 600 | Q38: 100 | R38: 100 | S38: 0.5 | U38: 1000 | V38: 1 | X38: 660 | Y38: 120 | Z38: 270 | AB38: 24 | AC38: 4 | AH38: 4 | AI38: 9 | AK38: 100 | AL38: 8 | AM38: 3 | AO38: 1 | AP38: 90
A39: F3-227 | C39: 1040 | D39: 132 | E39: 270 | F39: 312 | J39: 6 | K39: 11 | L39: 2 | M39: 24 | O39: 500 | P39: 600 | R39: 300 | S39: 2 | U39: 1000 | X39: 660 | Y39: 240 | Z39: 450 | AB39: 72 | AC39: 4 | AE39: 1.5 | AF39: 25 | AH39: 1 | AI39: 6 | AJ39: 300 | AK39: 100 | AL39: 12 | AM39: 4 | AO39: 23 | AP39: 110
A40: F3-228 | B40: 10 | C40: 1828 | D40: 136 | E40: 350 | F40: 144 | K40: 8 | L40: 1 | M40: 32 | N40: 24 | O40: 500 | P40: 1350 | Q40: 200 | S40: 1 | U40: 2000 | V40: 1 | X40: 1380 | Y40: 150 | Z40: 450 | AB40: 72 | AC40: 8 | AD40: 1 | AH40: 3 | AI40: 6 | AK40: 100 | AL40: 10 | AM40: 10 | AO40: 3 | AP40: 250
A41: F3-254 | C41: 892 | D41: 76 | E41: 210 | F41: 96 | H41: 1 | J41: 1 | K41: 5 | L41: 1 | M41: 10 | N41: 24 | O41: 500 | P41: 450 | Q41: 200 | R41: 100 | U41: 1000 | X41: 540 | Y41: 150 | Z41: 450 | AB41: 60 | AC41: 4 | AF41: 25 | AH41: 2 | AI41: 6 | AJ41: 100 | AK41: 100 | AL41: 10 | AM41: 5 | AO41: 7 | AP41: 70
A42: F3-255 | B42: 10 | C42: 364 | D42: 52 | E42: 150 | F42: 72 | J42: 1 | K42: 5 | M42: 12 | P42: 300 | Q42: 100 | S42: 0.5 | U42: 1000 | W42: 30 | X42: 180 | Y42: 90 | Z42: 180 | AB42: 12 | AC42: 4 | AE42: 1.5 | AG42: 1 | AH42: 1 | AI42: 5 | AJ42: 100 | AL42: 6 | AM42: 1 | AN42: 0.5 | AO42: 4 | AP42: 30
A43: F3-261 | B43: 10 | C43: 1272 | D43: 124 | E43: 270 | F43: 312 | K43: 12.5 | L43: 1 | M43: 18 | O43: 1000 | P43: 600 | Q43: 200 | R43: 200 | S43: 2 | U43: 3000 | X43: 960 | Y43: 210 | Z43: 720 | AB43: 48 | AC43: 12 | AD43: 1 | AE43: 1 | AI43: 6 | AJ43: 200 | AK43: 100 | AL43: 12 | AM43: 15 | AO43: 14 | AP43: 120
A44: F3-273 | C44: 832 | D44: 124 | E44: 430 | F44: 240 | H44: 1 | K44: 16.5 | L44: 2 | M44: 14 | N44: 12 | O44: 500 | P44: 600 | Q44: 200 | R44: 100 | S44: 1.5 | U44: 2000 | W44: 30 | X44: 660 | Y44: 150 | Z44: 450 | AB44: 60 | AC44: 8 | AE44: 1 | AF44: 25 | AH44: 3 | AI44: 6 | AJ44: 200 | AL44: 12 | AM44: 9 | AP44: 130
A45: F3-278 | C45: 812 | D45: 128 | E45: 280 | F45: 384 | J45: 4 | K45: 11 | L45: 1 | M45: 12 | N45: 12 | P45: 450 | Q45: 200 | R45: 100 | S45: 2 | U45: 2000 | V45: 1 | X45: 600 | Y45: 150 | Z45: 360 | AB45: 60 | AC45: 8 | AE45: 0.5 | AH45: 2 | AI45: 6 | AJ45: 100 | AK45: 100 | AL45: 8 | AM45: 10 | AN45: 0.5 | AO45: 4 | AP45: 130 | AS45: 2
A46: F3-281 | B46: 10 | C46: 632 | D46: 40 | E46: 260 | F46: 168 | J46: 2 | K46: 6 | M46: 12 | N46: 12 | O46: 500 | P46: 450 | Q46: 200 | R46: 100 | S46: 1 | U46: 1000 | V46: 1 | X46: 540 | Y46: 60 | Z46: 270 | AB46: 24 | AC46: 4 | AG46: 2 | AH46: 1 | AI46: 4 | AJ46: 100 | AL46: 8 | AM46: 5 | AO46: 3 | AP46: 40 | AT46: 1
A47: F3-286 | C47: 1828 | D47: 272 | E47: 30 | F47: 96 | J47: 1 | K47: 6 | M47: 6 | O47: 1000 | P47: 1200 | U47: 2000 | X47: 1140 | Y47: 30 | Z47: 450 | AB47: 12 | AC47: 8 | AD47: 1 | AG47: 8 | AI47: 12 | AK47: 200 | AL47: 6 | AM47: 18 | AP47: 390 | AS47: 8
A48: F3-289 | C48: 456 | D48: 100 | E48: 100 | F48: 216 | J48: 3 | K48: 2 | M48: 16 | P48: 300 | R48: 100 | S48: 1 | W48: 60 | X48: 300 | Y48: 90 | Z48: 90 | AB48: 36 | AD48: 1 | AI48: 8 | AK48: 100 | AL48: 8 | AM48: 9 | AP48: 140 | AX48: 500
A49: F3-290 | C49: 648 | D49: 60 | E49: 130 | M49: 10 | N49: 12 | P49: 300 | Q49: 100 | S49: 0.5 | U49: 1000 | V49: 1 | X49: 420 | Y49: 30 | Z49: 450 | AB49: 48 | AC49: 4 | AD49: 2 | AE49: 0.5 | AH49: 2 | AI49: 2 | AJ49: 200 | AK49: 100 | AL49: 4 | AM49: 6 | AN49: 0.5 | AP49: 70
A50: F3-291 | C50: 1204 | D50: 132 | E50: 310 | F50: 168 | J50: 5 | K50: 10 | M50: 6 | O50: 500 | P50: 750 | Q50: 200 | R50: 100 | S50: 0.5 | U50: 1000 | X50: 780 | Y50: 150 | Z50: 540 | AC50: 4 | AE50: 0.5 | AH50: 2 | AI50: 7 | AJ50: 100 | AK50: 100 | AL50: 2 | AM50: 9 | AP50: 110
A51: F3-294 | C51: 340 | D51: 220 | E51: 110 | F51: 96 | K51: 6 | M51: 24 | P51: 300 | Q51: 100 | U51: 1000 | W51: 30 | X51: 300 | Z51: 180 | AB51: 120 | AC51: 4 | AH51: 2 | AI51: 3 | AJ51: 100 | AK51: 300 | AL51: 12 | AM51: 6 | AN51: 4 | AP51: 180 | AT51: 1
A52: F5-037 | B52: 10 | C52: 1764 | D52: 352 | E52: 330 | F52: 288 | I52: 1 | J52: 5 | K52: 14 | L52: 1 | M52: 28 | N52: 24 | O52: 500 | P52: 1350 | Q52: 300 | R52: 100 | S52: 0.5 | T52: 6 | U52: 2000 | V52: 1 | W52: 90 | X52: 1380 | Y52: 240 | Z52: 540 | AB52: 72 | AC52: 8 | AE52: 3.5 | AF52: 25 | AG52: 1 | AH52: 3 | AI52: 10 | AK52: 400 | AL52: 28 | AM52: 11 | AN52: 1 | AO52: 6 | AP52: 290
A53: F5-039 | B53: 10 | C53: 644 | D53: 72 | E53: 310 | F53: 144 | I53: 1 | J53: 3 | K53: 6 | M53: 12 | N53: 12 | O53: 500 | P53: 450 | Q53: 200 | S53: 1.5 | T53: 2 | U53: 1000 | X53: 540 | Y53: 120 | Z53: 450 | AB53: 48 | AC53: 4 | AD53: 1 | AH53: 1 | AI53: 4 | AJ53: 100 | AL53: 6 | AM53: 6 | AO53: 6 | AP53: 70
A54: F5-040 | C54: 808 | D54: 128 | E54: 230 | F54: 120 | J54: 2 | K54: 4 | L54: 1 | M54: 12 | O54: 500 | P54: 450 | R54: 100 | S54: 0.5 | U54: 2000 | V54: 1 | X54: 420 | Y54: 120 | Z54: 450 | AB54: 48 | AC54: 8 | AD54: 1 | AH54: 1 | AI54: 6 | AJ54: 100 | AK54: 200 | AL54: 8 | AM54: 4 | AN54: 1 | AO54: 3 | AP54: 130
A55: F5-042 | B55: 20 | C55: 1564 | D55: 228 | E55: 740 | F55: 648 | J55: 5 | K55: 15 | L55: 1 | M55: 14 | N55: 36 | O55: 500 | P55: 1050 | Q55: 400 | R55: 300 | S55: 2.5 | T55: 30 | U55: 3000 | V55: 1 | X55: 1200 | Y55: 390 | Z55: 810 | AB55: 60 | AC55: 13 | AD55: 2 | AF55: 50 | AH55: 6 | AI55: 10 | AJ55: 300 | AK55: 200 | AL55: 12 | AM55: 17 | AO55: 15 | AP55: 230
A56: F5-053 | C56: 1276 | D56: 184 | E56: 200 | F56: 216 | H56: 1 | J56: 3 | K56: 4 | L56: 1 | M56: 20 | N56: 12 | O56: 500 | P56: 900 | Q56: 100 | R56: 100 | S56: 1.5 | T56: 3 | U56: 2000 | X56: 780 | Y56: 180 | Z56: 540 | AB56: 84 | AC56: 8 | AH56: 2 | AI56: 8 | AJ56: 100 | AK56: 200 | AL56: 8 | AM56: 9 | AO56: 4 | AP56: 200
A57: F5-092 | C57: 1060 | D57: 240 | E57: 240 | F57: 552 | K57: 9 | L57: 1 | M57: 26 | N57: 24 | O57: 500 | P57: 600 | R57: 300 | S57: 4 | U57: 1000 | X57: 660 | Y57: 90 | Z57: 540 | AB57: 60 | AC57: 4 | AD57: 4 | AE57: 1 | AG57: 2 | AH57: 1 | AI57: 8 | AJ57: 300 | AK57: 200 | AL57: 12 | AM57: 10 | AN57: 1 | AP57: 260
A58: F5-096 | C58: 1912 | D58: 144 | E58: 880 | F58: 360 | H58: 1 | J58: 11 | K58: 39 | L58: 1 | M58: 32 | N58: 36 | O58: 500 | P58: 1500 | Q58: 600 | R58: 100 | S58: 2 | U58: 3000 | V58: 1 | W58: 90 | X58: 1740 | Y58: 270 | Z58: 630 | AB58: 72 | AC58: 12 | AD58: 2 | AE58: 2 | AF58: 25 | AH58: 8 | AI58: 12 | AJ58: 200 | AK58: 100 | AL58: 20 | AM58: 10 | AN58: 0.5 | AP58: 250 | AV58: 100
A59: F5-101 | C59: 680 | D59: 252 | E59: 260 | F59: 312 | H59: 1 | J59: 4 | K59: 9 | L59: 2 | M59: 6 | N59: 24 | O59: 500 | P59: 300 | R59: 200 | S59: 2 | U59: 1000 | X59: 480 | Y59: 90 | Z59: 360 | AB59: 24 | AC59: 4 | AD59: 1 | AF59: 25 | AH59: 3 | AI59: 6 | AJ59: 200 | AK59: 300 | AL59: 14 | AM59: 5 | AN59: 0.5 | AP59: 260 | AT59: 1 | AV59: 100
A60: F5-102 | C60: 800 | D60: 84 | E60: 310 | F60: 216 | J60: 3 | K60: 11.5 | M60: 24 | O60: 500 | P60: 600 | Q60: 200 | R60: 100 | S60: 1 | T60: 1 | U60: 3000 | X60: 720 | Y60: 150 | Z60: 450 | AB60: 48 | AC60: 12 | AG60: 1 | AH60: 2 | AI60: 6 | AJ60: 200 | AK60: 100 | AL60: 10 | AM60: 6 | AO60: 8 | AP60: 80
A61: F5-103 | C61: 1540 | D61: 312 | E61: 430 | F61: 480 | J61: 8 | K61: 33 | M61: 8 | O61: 500 | P61: 1200 | R61: 300 | S61: 2 | U61: 2000 | X61: 1140 | Y61: 300 | Z61: 990 | AA61: 2000 | AB61: 96 | AC61: 8 | AD61: 2 | AE61: 1 | AF61: 25 | AH61: 4 | AI61: 9 | AJ61: 500 | AK61: 400 | AL61: 14 | AM61: 14 | AN61: 1.5 | AO61: 2 | AP61: 240
A62: F5-105 | B62: 10 | C62: 1668 | D62: 220 | E62: 280 | F62: 192 | K62: 15 | L62: 1 | M62: 10 | N62: 12 | O62: 1000 | P62: 750 | R62: 100 | S62: 0.5 | U62: 2000 | V62: 1 | X62: 720 | Y62: 120 | Z62: 1080 | AB62: 48 | AC62: 8 | AD62: 1 | AE62: 0.5 | AF62: 25 | AH62: 5 | AI62: 10 | AJ62: 200 | AK62: 200 | AL62: 14 | AM62: 13 | AN62: 1 | AP62: 220
A63: F5-109 | B63: 10 | C63: 536 | D63: 88 | E63: 170 | F63: 216 | J63: 12 | K63: 12 | M63: 8 | P63: 300 | Q63: 100 | X63: 600 | Z63: 1080 | AA63: 600 | AB63: 36 | AE63: 0.5 | AH63: 11 | AI63: 4 | AJ63: 100 | AL63: 6 | AM63: 4 | AO63: 6 | AP63: 40
A64: F5-117 | C64: 612 | D64: 88 | E64: 210 | F64: 96 | K64: 8 | M64: 2 | N64: 12 | O64: 500 | P64: 600 | Q64: 100 | T64: 1 | V64: 1 | X64: 60 | Y64: 30 | AA64: 100 | AB64: 60 | AH64: 1 | AI64: 4 | AJ64: 100 | AK64: 100 | AL64: 10 | AM64: 6 | AO64: 5 | AP64: 50
A65: F5-120 | B65: 10 | C65: 2652 | D65: 404 | E65: 400 | F65: 624 | J65: 6 | K65: 13 | L65: 1 | M65: 16 | N65: 24 | O65: 1000 | P65: 1500 | Q65: 200 | R65: 300 | S65: 4 | U65: 3000 | V65: 1 | W65: 30 | X65: 1500 | Y65: 180 | Z65: 1260 | AA65: 300 | AB65: 84 | AC65: 12 | AD65: 4 | AE65: 1 | AF65: 25 | AH65: 2 | AI65: 17 | AJ65: 200 | AK65: 400 | AL65: 20 | AM65: 17 | AO65: 10 | AP65: 370
A66: F5-125 | C66: 1332 | D66: 392 | E66: 400 | F66: 816 | I66: 1 | J66: 3 | K66: 10 | L66: 1 | M66: 18 | N66: 12 | O66: 500 | P66: 600 | Q66: 100 | R66: 300 | S66: 3 | U66: 2000 | V66: 1 | X66: 780 | Y66: 120 | Z66: 810 | AB66: 60 | AC66: 8 | AD66: 1 | AE66: 1 | AG66: 3 | AH66: 3 | AI66: 10 | AJ66: 300 | AK66: 300 | AL66: 8 | AM66: 5 | AN66: 0.5 | AO66: 8 | AP66: 370
A67: F5-126 | C67: 676 | D67: 80 | E67: 210 | F67: 216 | H67: 1 | J67: 4 | K67: 8.5 | L67: 2 | M67: 14 | N67: 12 | O67: 500 | P67: 150 | Q67: 100 | R67: 200 | S67: 2.5 | T67: 3 | U67: 1000 | X67: 480 | Y67: 150 | Z67: 360 | AB67: 36 | AC67: 4 | AD67: 1 | AF67: 25 | AH67: 2 | AI67: 3 | AJ67: 200 | AK67: 100 | AL67: 10 | AM67: 12 | AO67: 3 | AP67: 90 | AR67: 6
A68: F5-127 | B68: 10 | C68: 1284 | D68: 264 | E68: 310 | F68: 312 | J68: 6 | K68: 9 | L68: 2 | M68: 10 | N68: 24 | O68: 500 | P68: 750 | R68: 200 | S68: 2 | T68: 2 | U68: 2000 | V68: 1 | X68: 840 | Y68: 120 | Z68: 900 | AA68: 100 | AC68: 8 | AD68: 2 | AE68: 0.5 | AF68: 25 | AH68: 4 | AI68: 9 | AJ68: 300 | AK68: 200 | AL68: 10 | AM68: 17 | AN68: 0.5 | AO68: 6 | AP68: 250
A69: F5-128 | C69: 2472 | D69: 384 | E69: 120 | F69: 96 | H69: 2 | I69: 2 | J69: 7 | K69: 18 | O69: 1000 | P69: 2100 | Q69: 100 | T69: 10 | U69: 4000 | V69: 2 | X69: 1680 | Z69: 900 | AA69: 100 | AB69: 84 | AC69: 16 | AE69: 0.5 | AF69: 25 | AH69: 3 | AI69: 15 | AJ69: 100 | AK69: 400 | AL69: 24 | AM69: 12 | AO69: 2 | AP69: 450 | AT69: 1 | AV69: 100
A70: F5-130 | C70: 748 | D70: 192 | E70: 210 | F70: 192 | J70: 3 | K70: 6.5 | L70: 1 | M70: 2 | P70: 450 | Q70: 100 | R70: 100 | S70: 1 | U70: 1000 | X70: 600 | Y70: 90 | Z70: 450 | AB70: 48 | AC70: 4 | AD70: 2 | AH70: 2 | AI70: 2 | AK70: 200 | AM70: 13 | AP70: 230
A71: F5-131 | C71: 1620 | D71: 192 | E71: 130 | F71: 216 | J71: 1 | K71: 3 | M71: 4 | O71: 500 | P71: 1200 | Q71: 100 | S71: 1 | U71: 2000 | W71: 180 | X71: 720 | Y71: 210 | Z71: 630 | AB71: 12 | AC71: 8 | AD71: 3 | AE71: 2 | AF71: 25 | AH71: 2 | AI71: 9 | AL71: 12 | AM71: 10 | AN71: 2 | AP71: 140 | AT71: 3
A72: F5-132 | C72: 3404 | D72: 500 | E72: 350 | F72: 960 | J72: 18 | K72: 44.5 | L72: 4 | M72: 24 | N72: 24 | O72: 2500 | P72: 2400 | Q72: 300 | R72: 300 | S72: 7.5 | U72: 4000 | W72: 180 | X72: 2100 | Y72: 270 | Z72: 1170 | AC72: 20 | AD72: 5 | AF72: 50 | AG72: 1 | AH72: 8 | AI72: 23 | AJ72: 100 | AK72: 500 | AL72: 24 | AM72: 39 | AN72: 1 | AP72: 550 | AT72: 3 | AU72: 1 | AV72: 200
A73: F5-133 | B73: 10 | C73: 872 | D73: 132 | E73: 180 | F73: 168 | H73: 1 | I73: 1 | K73: 9 | L73: 1 | M73: 16 | N73: 12 | O73: 500 | P73: 450 | Q73: 100 | R73: 100 | S73: 1.5 | U73: 2000 | X73: 540 | Z73: 720 | AB73: 60 | AC73: 8 | AD73: 1 | AF73: 25 | AG73: 2 | AH73: 1 | AI73: 5 | AJ73: 100 | AK73: 100 | AL73: 6 | AM73: 3 | AN73: 0.5 | AO73: 9 | AP73: 160 | AU73: 1
A74: F5-134 | C74: 736 | D74: 96 | E74: 110 | F74: 120 | L74: 1 | M74: 4 | P74: 450 | Q74: 100 | U74: 1000 | X74: 540 | Y74: 60 | Z74: 270 | AA74: 900 | AB74: 48 | AC74: 4 | AF74: 25 | AH74: 2 | AI74: 3 | AJ74: 100 | AK74: 100 | AL74: 6 | AM74: 3 | AP74: 100 | AS74: 1
A75: F5-138 | C75: 1052 | D75: 192 | E75: 150 | J75: 3 | K75: 1 | M75: 6 | O75: 500 | P75: 450 | S75: 0.5 | U75: 1000 | X75: 540 | Y75: 120 | Z75: 540 | AA75: 1100 | AB75: 12 | AC75: 4 | AE75: 1 | AH75: 1 | AI75: 6 | AJ75: 200 | AK75: 200 | AL75: 6 | AM75: 4 | AP75: 280
A76: F5-140 | C76: 564 | D76: 68 | E76: 90 | F76: 120 | K76: 8 | M76: 4 | N76: 12 | P76: 450 | Q76: 100 | R76: 100 | X76: 480 | Y76: 60 | Z76: 270 | AA76: 800 | AB76: 24 | AH76: 1 | AI76: 4 | AK76: 100 | AL76: 6 | AM76: 4 | AN76: 0.5 | AO76: 1 | AP76: 70
A77: F5-141 | C77: 660 | D77: 56 | E77: 90 | M77: 4 | P77: 450 | U77: 1000 | X77: 420 | Z77: 270 | AB77: 36 | AC77: 4 | AH77: 1 | AI77: 4 | AJ77: 100 | AK77: 100 | AL77: 6 | AM77: 4 | AP77: 60
A78: F5-147 | C78: 1084 | D78: 224 | E78: 60 | F78: 120 | J78: 4 | K78: 7.5 | M78: 14 | N78: 12 | O78: 500 | P78: 750 | S78: 0.5 | T78: 22 | U78: 1000 | X78: 780 | Z78: 270 | AB78: 60 | AC78: 4 | AD78: 1 | AE78: 0.5 | AI78: 8 | AJ78: 100 | AK78: 200 | AL78: 6 | AM78: 3 | AO78: 7 | AP78: 240
A79: F5-158 | C79: 2000 | D79: 240 | E79: 160 | F79: 360 | K79: 20 | M79: 24 | N79: 24 | P79: 1350 | S79: 1 | U79: 1000 | X79: 1440 | Y79: 60 | Z79: 360 | AB79: 120 | AC79: 4 | AF79: 25 | AH79: 5 | AI79: 5 | AJ79: 100 | AK79: 200 | AL79: 12 | AM79: 10 | AN79: 5 | AP79: 210
A80: F5-161 | C80: 1056 | D80: 80 | E80: 170 | F80: 120 | K80: 6 | L80: 1 | M80: 10 | N80: 12 | O80: 500 | P80: 600 | Q80: 200 | R80: 100 | S80: 1 | U80: 1000 | X80: 960 | Z80: 270 | AA80: 500 | AB80: 12 | AC80: 4 | AD80: 1 | AG80: 2 | AH80: 2 | AI80: 5 | AJ80: 100 | AL80: 6 | AM80: 10 | AN80: 1 | AO80: 1 | AP80: 90
A81: F5-186 | B81: 60 | H81: 3 | I81: 8 | J81: 29 | K81: 56 | O81: 1500 | P81: 6600 | Q81: 700 | R81: 100 | T81: 32 | U81: 11000 | V81: 3 | W81: 60 | X81: 8640 | Y81: 390 | Z81: 1800 | AC81: 44 | AE81: 22 | AF81: 50 | AH81: 11 | AI81: 46 | AJ81: 200 | AK81: 1800 | AM81: 42 | AP81: 900 | AR81: 12
A82: F5-187 | C82: 412 | D82: 60 | E82: 170 | F82: 240 | J82: 2 | K82: 6.5 | M82: 4 | P82: 300 | Q82: 100 | R82: 100 | S82: 1.5 | W82: 90 | X82: 240 | Y82: 90 | Z82: 270 | AB82: 24 | AE82: 0.5 | AH82: 2 | AI82: 3 | AL82: 2 | AM82: 4 | AO82: 2 | AP82: 60 | AT82: 2
A83: F5-193 | B83: 20 | C83: 2016 | D83: 276 | E83: 210 | F83: 240 | I83: 2 | K83: 40 | L83: 1 | M83: 24 | O83: 500 | P83: 1800 | Q83: 200 | R83: 200 | S83: 2 | T83: 12 | U83: 3000 | V83: 1 | W83: 150 | X83: 1320 | Y83: 150 | Z83: 630 | AB83: 120 | AC83: 12 | AD83: 1 | AE83: 2 | AF83: 25 | AG83: 5 | AH83: 2 | AI83: 11 | AJ83: 100 | AK83: 300 | AL83: 24 | AM83: 20 | AN83: 2 | AO83: 2 | AP83: 260 | AS83: 5
A84: F5-207 | B84: 10 | C84: 1820 | D84: 156 | E84: 230 | F84: 144 | H84: 2 | L84: 1 | M84: 20 | N84: 24 | O84: 500 | P84: 1050 | Q84: 300 | R84: 100 | S84: 1 | T84: 1 | U84: 2000 | V84: 1 | X84: 1320 | Z84: 720 | AB84: 108 | AC84: 8 | AD84: 1 | AF84: 25 | AH84: 2 | AK84: 300 | AL84: 18 | AM84: 6 | AO84: 3 | AP84: 190
A85: F5-211 | C85: 616 | D85: 128 | E85: 100 | F85: 72 | M85: 6 | O85: 500 | P85: 450 | U85: 1000 | X85: 480 | Y85: 60 | Z85: 90 | AC85: 4 | AH85: 2 | AL85: 6 | AM85: 4 | AO85: 2 | AP85: 130
A86: F5-220 | C86: 644 | D86: 96 | E86: 80 | F86: 24 | J86: 1 | K86: 5.5 | M86: 10 | O86: 500 | P86: 300 | Q86: 100 | U86: 1000 | X86: 420 | Y86: 60 | Z86: 270 | AA86: 100 | AB86: 36 | AC86: 4 | AH86: 1 | AI86: 2 | AJ86: 100 | AK86: 100 | AL86: 6 | AM86: 4 | AO86: 2 | AP86: 100
A87: F5-223 | C87: 968 | D87: 152 | E87: 130 | F87: 96 | M87: 8 | O87: 500 | P87: 450 | Q87: 100 | S87: 0.5 | U87: 1000 | X87: 600 | Y87: 60 | Z87: 270 | AB87: 60 | AC87: 4 | AE87: 0.5 | AH87: 1 | AI87: 7 | AJ87: 100 | AK87: 100 | AL87: 6 | AM87: 7 | AN87: 0.5 | AP87: 130
A88: F5-272 | C88: 584 | D88: 64 | E88: 10 | F88: 48 | H88: 1 | J88: 1 | M88: 10 | N88: 36 | O88: 500 | P88: 450 | R88: 100 | U88: 1000 | X88: 420 | Y88: 60 | Z88: 270 | AA88: 600 | AB88: 24 | AC88: 4 | AE88: 1 | AF88: 25 | AG88: 2 | AH88: 1 | AI88: 4 | AK88: 100 | AL88: 6 | AM88: 4 | AN88: 0.5 | AP88: 120 | AS88: 1
A89: F5-284 | C89: 1824 | D89: 384 | E89: 240 | F89: 192 | I89: 1 | K89: 32 | M89: 24 | O89: 500 | P89: 1200 | Q89: 200 | S89: 1 | U89: 2000 | V89: 1 | W89: 150 | X89: 1320 | Y89: 150 | Z89: 540 | AB89: 120 | AC89: 8 | AD89: 1 | AE89: 2 | AH89: 1 | AI89: 15 | AK89: 300 | AL89: 24 | AM89: 19 | AN89: 1 | AP89: 400
A90: F6-049 | B90: 20 | C90: 1856 | D90: 268 | E90: 1020 | F90: 816 | K90: 22 | L90: 2 | M90: 16 | N90: 48 | O90: 500 | P90: 1200 | Q90: 300 | R90: 400 | S90: 2 | U90: 3000 | V90: 1 | X90: 1380 | Y90: 330 | Z90: 1620 | AB90: 60 | AC90: 12 | AE90: 3 | AF90: 25 | AH90: 10 | AI90: 14 | AJ90: 900 | AK90: 300 | AL90: 10 | AM90: 20 | AO90: 10 | AP90: 190
A91: F6-071 | C91: 628 | D91: 136 | E91: 270 | F91: 264 | J91: 4 | K91: 8.5 | L91: 2 | M91: 16 | P91: 450 | Q91: 200 | R91: 100 | S91: 1 | T91: 1 | U91: 1000 | V91: 1 | X91: 660 | Y91: 240 | Z91: 270 | AB91: 24 | AC91: 4 | AD91: 1 | AH91: 1 | AI91: 5 | AJ91: 200 | AK91: 100 | AL91: 10 | AM91: 9 | AO91: 5 | AP91: 120
A92: F6-077 | B92: 10 | C92: 792 | D92: 72 | E92: 270 | F92: 240 | H92: 1 | K92: 16 | M92: 18 | N92: 12 | P92: 150 | Q92: 100 | R92: 100 | S92: 1 | U92: 1000 | X92: 420 | Y92: 180 | Z92: 450 | AB92: 60 | AC92: 4 | AD92: 2 | AE92: 0.5 | AF92: 25 | AH92: 4 | AI92: 2 | AJ92: 100 | AL92: 4 | AM92: 9 | AP92: 100
A93: F6-079 | C93: 1496 | D93: 100 | E93: 90 | F93: 312 | J93: 3 | K93: 8 | M93: 6 | N93: 12 | O93: 1000 | P93: 900 | R93: 100 | S93: 1.5 | U93: 2000 | V93: 1 | X93: 840 | Y93: 60 | Z93: 720 | AB93: 48 | AC93: 8 | AD93: 3 | AE93: 3 | AF93: 25 | AH93: 2 | AI93: 4 | AL93: 8 | AM93: 15 | AN93: 0.5 | AP93: 110 | AT93: 2
A94: F6-082 | C94: 2688 | D94: 412 | E94: 700 | F94: 600 | I94: 1 | J94: 5 | K94: 22.5 | L94: 3 | M94: 34 | N94: 72 | O94: 1500 | P94: 1050 | Q94: 100 | R94: 300 | S94: 2.5 | U94: 3000 | V94: 1 | X94: 1980 | Y94: 270 | Z94: 1440 | AB94: 120 | AC94: 12 | AD94: 3 | AE94: 2 | AF94: 50 | AH94: 10 | AI94: 11 | AJ94: 500 | AK94: 300 | AL94: 24 | AM94: 11 | AN94: 2 | AO94: 20 | AP94: 410
A95: F6-104 | C95: 264 | D95: 52 | E95: 110 | F95: 96 | K95: 4 | M95: 8 | N95: 12 | R95: 100 | V95: 1 | X95: 60 | Z95: 270 | AB95: 24 | AG95: 2 | AH95: 4 | AI95: 3 | AJ95: 100 | AL95: 6 | AM95: 3 | AP95: 40 | AS95: 1
A96: F6-110 | B96: 10 | C96: 528 | D96: 236 | E96: 180 | F96: 192 | K96: 2 | M96: 8 | P96: 150 | R96: 100 | S96: 0.5 | U96: 1000 | X96: 240 | Y96: 60 | Z96: 450 | AB96: 12 | AC96: 4 | AF96: 25 | AH96: 3 | AI96: 3 | AJ96: 100 | AK96: 100 | AL96: 8 | AM96: 3 | AO96: 3 | AP96: 140
A97: F6-145 | C97: 900 | D97: 160 | E97: 140 | F97: 264 | J97: 2 | K97: 4 | L97: 1 | M97: 4 | N97: 12 | P97: 450 | R97: 100 | S97: 0.5 | U97: 1000 | V97: 1 | X97: 540 | Y97: 90 | Z97: 360 | AB97: 48 | AC97: 4 | AD97: 1 | AE97: 0.5 | AH97: 2 | AI97: 5 | AJ97: 100 | AK97: 200 | AL97: 8 | AM97: 13 | AN97: 0.5 | AP97: 160
A98: F6-148 | B98: 10 | C98: 688 | D98: 116 | E98: 100 | F98: 240 | J98: 1 | K98: 6 | L98: 1 | M98: 18 | N98: 12 | P98: 450 | Q98: 100 | R98: 100 | S98: 1 | U98: 1000 | W98: 30 | X98: 600 | Y98: 30 | Z98: 270 | AB98: 48 | AC98: 4 | AD98: 3 | AE98: 2 | AF98: 25 | AH98: 1 | AI98: 5 | AK98: 100 | AL98: 8 | AM98: 4 | AO98: 2 | AP98: 130 | AV98: 100
A99: F6-163 | C99: 1456 | D99: 176 | E99: 20 | F99: 48 | G99: 2 | J99: 1 | K99: 10 | M99: 12 | N99: 12 | P99: 1650 | S99: 2.5 | U99: 3000 | V99: 1 | W99: 60 | X99: 720 | Y99: 120 | Z99: 450 | AB99: 72 | AC99: 12 | AD99: 2 | AE99: 0.5 | AH99: 5 | AI99: 22 | AK99: 100 | AL99: 16 | AM99: 13 | AO99: 1 | AP99: 280
A100: F6-204 | C100: 1248 | D100: 116 | E100: 180 | F100: 264 | I100: 1 | L100: 1 | M100: 22 | O100: 1000 | P100: 750 | R100: 100 | S100: 1 | U100: 3000 | V100: 1 | X100: 720 | Y100: 30 | Z100: 180 | AB100: 72 | AC100: 12 | AE100: 0.5 | AG100: 4 | AI100: 9 | AJ100: 400 | AK100: 200 | AL100: 10 | AM100: 4 | AN100: 1 | AO100: 8 | AP100: 130
...

Sheet ChiTiet
E1: =ISTEXT(G1) -> FALSE | F1: 1001 | G1: 1004 | H1: 1003 | I1: 1002 | J1: 1201 | K1: 1200 | L1: 1205 | M1: 1234 | N1: 1204 | O1: 1208 | P1: 1403 | Q1: 1405 | R1: 1401 | S1: 1209 | T1: 1421 | U1: 1402 | V1: 1102 | W1: 1101 | X1: 1109 | Y1: 1103 | Z1: 1104 | AA1: 2008 | AB1: 2017 | AC1: 2021 | AD1: 2064 | AE1: 2019 | AF1: 2027 | AG1: 2068 | AH1: 2012 | AI1: 2066 | AJ1: 2067 | AK1: 1203 | AL1: 1214
E2: Cột tham chiếu | F2: 3 | G2: 4 | H2: 5 | I2: 6 | J2: 26 | K2: 24 | L2: 42 | M2: 30 | N2: 12 | O2: 19 | P2: 32 | Q2: 34 | R2: 11 | S2: 28 | T2: 10 | U2: 14 | V2: 38 | W2: 39 | X2: 40 | Y2: 41 | Z2: 13 | AA2: 15 | AB2: 16 | AC2: 17 | AD2: 18 | AE2: 36 | AF2: 37 | AG2: 21 | AH2: 22 | AI2: 29 | AJ2: 35 | AK2: 25 | AL2: 23 | AM2: 31 | AN2: 8 | AO2: 27
B3: MÃ NQ | C3: Quản lý | D3: Mã NQ | E3: NHƯỢNG QUYỀN | F3: Bánh mì hamburger | G3: Bánh Mì Hotdog | H3: Bánh mì pita | I3: Bánh mì sandwich | J3: Thịt hamburger (90m/thùng ) | K3: Hamburger Gà (60 miếng / thùng) | L3: Xúc Xích ( 10 cây / 0.5kg) | M3: Pate gan (0.5 kg / bịch) | N3: Chà bông xốp ( 1kg/bịch) | O3: Jam Bon đặt biệt ( 250g/bịch) | P3: Sữa bột 25kg/bịch) | Q3: Trà Đen (1kg/ bich) | R3: Bột Kem Sữa Cacao kg | S3: Nước Ngọt pesi 1.5 lit / chai (12 chai/ thùng) | T3: Bột chanh (1kg/túi) | U3: Đường trắng (12kg/bao) | V3: Tương cà lớn (2Lit/Bình) | W3: Tương Mayonaise ( 1kg/bịch) | X3: Tương mù tạc (0.5kg/ bịch) | Y3: Tương ớt Cholimex (270gram/chai) | Z3: Dầu ăn ( 2 lit/bình ) | AA3: Giấy gói bánh mì ( 500 tờ/xấp) | AB3: Hộp Giấy Buger Gà (150 cái/ thùng) | AC3: Hộp Giấy Pita Gà (100 cái/ xấp) | AD3: Hộp Giấy Sanwich (100 cái/ xấp) | AE3: Túi Giấy Đựng Pita (100 cái/ xấp) | AF3: Túi Giấy Hotdog (100 cái/ xấp) | AG3: Ly giấy in logo 1p30s (1000 cái/thùng) | AH3: Màng ép ly 1p30s ( 3600ly/ cuộn) | AI3: ống hút Giấy đầu nhọn (250 cây/ bao) | AJ3: Túi dựng ly 1p30s ( 192 cái / kg) | AK3: Miếng thịt burger Tôm (30 miếng/thùng) | AL3: Miếng thịt bò hỗn hợp (30 miếng/thùng) | AM3: Sốt Phô Mai (0.5kg/túi) | AN3: Bao Tay xốp | AO3: Nắp ly nhựa phi 90 ( 50 cái/ bao)
A4: Duc Hoa | C4: Cường | D4: F1-115 | E4: Tiệm ăn sáng NQ Phước Kiểng 1 (Trạm CH) | F4: =_xlfn.IFNA(VLOOKUP($D4,Dulieutho,F$2,FALSE),"") -> 492 | G4: =_xlfn.IFNA(VLOOKUP($D4,Dulieutho,G$2,FALSE),"") -> 92 | H4: =_xlfn.IFNA(VLOOKUP($D4,Dulieutho,H$2,FALSE),"") -> 70 | I4: =_xlfn.IFNA(VLOOKUP($D4,Dulieutho,I$2,FALSE),"") -> 144 | J4: =_xlfn.IFNA(VLOOKUP($D4,Dulieutho,J$2,FALSE),"") -> 270 | K4: =_xlfn.IFNA(VLOOKUP($D4,Dulieutho,K$2,FALSE),"") -> 240 | L4: =_xlfn.IFNA(VLOOKUP($D4,Dulieutho,L$2,FALSE),"") -> 70 | M4: =_xlfn.IFNA(VLOOKUP($D4,Dulieutho,M$2,FALSE),"") -> 0 | ... AO4: =_xlfn.IFNA(VLOOKUP($D4,Dulieutho,AO$2,FALSE),"") -> 600
C5: Cường | D5: F5-149 | E5: Tiệm ăn sáng NQ Âu Dương Lân (Trạm Chánh Hưng) | F5: =_xlfn.IFNA(VLOOKUP($D5,Dulieutho,F$2,FALSE),"") | G5: =_xlfn.IFNA(VLOOKUP($D5,Dulieutho,G$2,FALSE),"") | H5: =_xlfn.IFNA(VLOOKUP($D5,Dulieutho,H$2,FALSE),"") | I5: =_xlfn.IFNA(VLOOKUP($D5,Dulieutho,I$2,FALSE),"") | J5: =_xlfn.IFNA(VLOOKUP($D5,Dulieutho,J$2,FALSE),"") | K5: =_xlfn.IFNA(VLOOKUP($D5,Dulieutho,K$2,FALSE),"") | L5: =_xlfn.IFNA(VLOOKUP($D5,Dulieutho,L$2,FALSE),"") | M5: =_xlfn.IFNA(VLOOKUP($D5,Dulieutho,M$2,FALSE),"") | ... AO5: =_xlfn.IFNA(VLOOKUP($D5,Dulieutho,AO$2,FALSE),"")
A6: Hau Nghia | C6: Cường | D6: F6-260 | E6: Tiệm ăn sáng NQ Cô Giang 1 (Trạm SVH) | F6: =_xlfn.IFNA(VLOOKUP($D6,Dulieutho,F$2,FALSE),"") -> 360 | G6: =_xlfn.IFNA(VLOOKUP($D6,Dulieutho,G$2,FALSE),"") -> 56 | H6: =_xlfn.IFNA(VLOOKUP($D6,Dulieutho,H$2,FALSE),"") -> 150 | I6: =_xlfn.IFNA(VLOOKUP($D6,Dulieutho,I$2,FALSE),"") -> 0 | J6: =_xlfn.IFNA(VLOOKUP($D6,Dulieutho,J$2,FALSE),"") -> 0 | K6: =_xlfn.IFNA(VLOOKUP($D6,Dulieutho,K$2,FALSE),"") -> 0 | L6: =_xlfn.IFNA(VLOOKUP($D6,Dulieutho,L$2,FALSE),"") -> 0 | M6: =_xlfn.IFNA(VLOOKUP($D6,Dulieutho,M$2,FALSE),"") -> 0 | ... AO6: =_xlfn.IFNA(VLOOKUP($D6,Dulieutho,AO$2,FALSE),"") -> 0
A7: Can Giuoc | C7: Cường | D7: F3-041 | E7: Tiệm ăn sáng NQ Đinh Tiên Hoàng (Trạm SVH) | F7: =_xlfn.IFNA(VLOOKUP($D7,Dulieutho,F$2,FALSE),"") | G7: =_xlfn.IFNA(VLOOKUP($D7,Dulieutho,G$2,FALSE),"") | H7: =_xlfn.IFNA(VLOOKUP($D7,Dulieutho,H$2,FALSE),"") | I7: =_xlfn.IFNA(VLOOKUP($D7,Dulieutho,I$2,FALSE),"") | J7: =_xlfn.IFNA(VLOOKUP($D7,Dulieutho,J$2,FALSE),"") | K7: =_xlfn.IFNA(VLOOKUP($D7,Dulieutho,K$2,FALSE),"") | L7: =_xlfn.IFNA(VLOOKUP($D7,Dulieutho,L$2,FALSE),"") | M7: =_xlfn.IFNA(VLOOKUP($D7,Dulieutho,M$2,FALSE),"") | ... AO7: =_xlfn.IFNA(VLOOKUP($D7,Dulieutho,AO$2,FALSE),"")
A8: Tan An | C8: Cường | D8: F5-096 | E8: Tiệm ăn sáng NQ Đồng Nai (Trạm SVH) | F8: =_xlfn.IFNA(VLOOKUP($D8,Dulieutho,F$2,FALSE),"") -> 1912 | G8: =_xlfn.IFNA(VLOOKUP($D8,Dulieutho,G$2,FALSE),"") -> 144 | H8: =_xlfn.IFNA(VLOOKUP($D8,Dulieutho,H$2,FALSE),"") -> 880 | I8: =_xlfn.IFNA(VLOOKUP($D8,Dulieutho,I$2,FALSE),"") -> 360 | J8: =_xlfn.IFNA(VLOOKUP($D8,Dulieutho,J$2,FALSE),"") -> 630 | K8: =_xlfn.IFNA(VLOOKUP($D8,Dulieutho,K$2,FALSE),"") -> 1740 | L8: =_xlfn.IFNA(VLOOKUP($D8,Dulieutho,L$2,FALSE),"") -> 250 | M8: =_xlfn.IFNA(VLOOKUP($D8,Dulieutho,M$2,FALSE),"") -> 2 | ... AO8: =_xlfn.IFNA(VLOOKUP($D8,Dulieutho,AO$2,FALSE),"") -> 0
A9: Vinh Kim | C9: Cường | D9: F7-235 | E9: Tiệm ăn sáng NQ Hóc Môn (Trạm Tân Phú) | F9: =_xlfn.IFNA(VLOOKUP($D9,Dulieutho,F$2,FALSE),"") -> 2216 | G9: =_xlfn.IFNA(VLOOKUP($D9,Dulieutho,G$2,FALSE),"") -> 232 | H9: =_xlfn.IFNA(VLOOKUP($D9,Dulieutho,H$2,FALSE),"") -> 210 | I9: =_xlfn.IFNA(VLOOKUP($D9,Dulieutho,I$2,FALSE),"") -> 120 | J9: =_xlfn.IFNA(VLOOKUP($D9,Dulieutho,J$2,FALSE),"") -> 630 | K9: =_xlfn.IFNA(VLOOKUP($D9,Dulieutho,K$2,FALSE),"") -> 1680 | L9: =_xlfn.IFNA(VLOOKUP($D9,Dulieutho,L$2,FALSE),"") -> 1460 | M9: =_xlfn.IFNA(VLOOKUP($D9,Dulieutho,M$2,FALSE),"") -> 1 | ... AO9: =_xlfn.IFNA(VLOOKUP($D9,Dulieutho,AO$2,FALSE),"") -> 0
C10: Cường | D10: F1-184 | E10: Tiệm ăn sáng NQ Huỳnh Tấn Phát (Trạm Chánh Hưng) | F10: =_xlfn.IFNA(VLOOKUP($D10,Dulieutho,F$2,FALSE),"") -> 3480 | G10: =_xlfn.IFNA(VLOOKUP($D10,Dulieutho,G$2,FALSE),"") -> 656 | H10: =_xlfn.IFNA(VLOOKUP($D10,Dulieutho,H$2,FALSE),"") -> 500 | I10: =_xlfn.IFNA(VLOOKUP($D10,Dulieutho,I$2,FALSE),"") -> 816 | J10: =_xlfn.IFNA(VLOOKUP($D10,Dulieutho,J$2,FALSE),"") -> 1440 | K10: =_xlfn.IFNA(VLOOKUP($D10,Dulieutho,K$2,FALSE),"") -> 2520 | L10: =_xlfn.IFNA(VLOOKUP($D10,Dulieutho,L$2,FALSE),"") -> 400 | M10: =_xlfn.IFNA(VLOOKUP($D10,Dulieutho,M$2,FALSE),"") -> 1 | ... AO10: =_xlfn.IFNA(VLOOKUP($D10,Dulieutho,AO$2,FALSE),"") -> 0
A11: Hung Vuong | C11: Cường | D11: F2-036 | E11: Tiệm ăn sáng NQ Huỳnh Tịnh Của (Trạm SVH) | F11: =_xlfn.IFNA(VLOOKUP($D11,Dulieutho,F$2,FALSE),"") -> 2556 | G11: =_xlfn.IFNA(VLOOKUP($D11,Dulieutho,G$2,FALSE),"") -> 148 | H11: =_xlfn.IFNA(VLOOKUP($D11,Dulieutho,H$2,FALSE),"") -> 600 | I11: =_xlfn.IFNA(VLOOKUP($D11,Dulieutho,I$2,FALSE),"") -> 192 | J11: =_xlfn.IFNA(VLOOKUP($D11,Dulieutho,J$2,FALSE),"") -> 900 | K11: =_xlfn.IFNA(VLOOKUP($D11,Dulieutho,K$2,FALSE),"") -> 2040 | L11: =_xlfn.IFNA(VLOOKUP($D11,Dulieutho,L$2,FALSE),"") -> 160 | M11: =_xlfn.IFNA(VLOOKUP($D11,Dulieutho,M$2,FALSE),"") -> 0 | ... AO11: =_xlfn.IFNA(VLOOKUP($D11,Dulieutho,AO$2,FALSE),"") -> 0
A12: Bac Lieu | C12: Cường | D12: F6-071 | E12: Tiệm ăn sáng NQ Kỳ Đồng (Trạm SVH) | F12: =_xlfn.IFNA(VLOOKUP($D12,Dulieutho,F$2,FALSE),"") -> 628 | G12: =_xlfn.IFNA(VLOOKUP($D12,Dulieutho,G$2,FALSE),"") -> 136 | H12: =_xlfn.IFNA(VLOOKUP($D12,Dulieutho,H$2,FALSE),"") -> 270 | I12: =_xlfn.IFNA(VLOOKUP($D12,Dulieutho,I$2,FALSE),"") -> 264 | J12: =_xlfn.IFNA(VLOOKUP($D12,Dulieutho,J$2,FALSE),"") -> 270 | K12: =_xlfn.IFNA(VLOOKUP($D12,Dulieutho,K$2,FALSE),"") -> 660 | L12: =_xlfn.IFNA(VLOOKUP($D12,Dulieutho,L$2,FALSE),"") -> 120 | M12: =_xlfn.IFNA(VLOOKUP($D12,Dulieutho,M$2,FALSE),"") -> 1 | ... AO12: =_xlfn.IFNA(VLOOKUP($D12,Dulieutho,AO$2,FALSE),"") -> 0
A13: Chau Doc | C13: Cường | D13: F1-215 | E13: Tiệm ăn sáng NQ Lâm Văn Bền (Trạm Chánh Hưng) | F13: =_xlfn.IFNA(VLOOKUP($D13,Dulieutho,F$2,FALSE),"") -> 1348 | G13: =_xlfn.IFNA(VLOOKUP($D13,Dulieutho,G$2,FALSE),"") -> 168 | H13: =_xlfn.IFNA(VLOOKUP($D13,Dulieutho,H$2,FALSE),"") -> 320 | I13: =_xlfn.IFNA(VLOOKUP($D13,Dulieutho,I$2,FALSE),"") -> 336 | J13: =_xlfn.IFNA(VLOOKUP($D13,Dulieutho,J$2,FALSE),"") -> 0 | K13: =_xlfn.IFNA(VLOOKUP($D13,Dulieutho,K$2,FALSE),"") -> 0 | L13: =_xlfn.IFNA(VLOOKUP($D13,Dulieutho,L$2,FALSE),"") -> 0 | M13: =_xlfn.IFNA(VLOOKUP($D13,Dulieutho,M$2,FALSE),"") -> 3 | ... AO13: =_xlfn.IFNA(VLOOKUP($D13,Dulieutho,AO$2,FALSE),"") -> 0
A14: Go Dau | C14: Cường | D14: F1-191 | E14: Tiệm ăn sáng NQ Lê Thánh Tôn (Trạm Chánh Hưng) | F14: =_xlfn.IFNA(VLOOKUP($D14,Dulieutho,F$2,FALSE),"") -> 1152 | G14: =_xlfn.IFNA(VLOOKUP($D14,Dulieutho,G$2,FALSE),"") -> 148 | H14: =_xlfn.IFNA(VLOOKUP($D14,Dulieutho,H$2,FALSE),"") -> 350 | I14: =_xlfn.IFNA(VLOOKUP($D14,Dulieutho,I$2,FALSE),"") -> 360 | J14: =_xlfn.IFNA(VLOOKUP($D14,Dulieutho,J$2,FALSE),"") -> 540 | K14: =_xlfn.IFNA(VLOOKUP($D14,Dulieutho,K$2,FALSE),"") -> 900 | L14: =_xlfn.IFNA(VLOOKUP($D14,Dulieutho,L$2,FALSE),"") -> 230 | M14: =_xlfn.IFNA(VLOOKUP($D14,Dulieutho,M$2,FALSE),"") -> 3 | ... AO14: =_xlfn.IFNA(VLOOKUP($D14,Dulieutho,AO$2,FALSE),"") -> 0
A15: Vung Tau | C15: Cường | D15: F6-145 | E15: Tiệm ăn sáng NQ Lương Đình Của (Trạm Thủ Đức) | F15: =_xlfn.IFNA(VLOOKUP($D15,Dulieutho,F$2,FALSE),"") -> 900 | G15: =_xlfn.IFNA(VLOOKUP($D15,Dulieutho,G$2,FALSE),"") -> 160 | H15: =_xlfn.IFNA(VLOOKUP($D15,Dulieutho,H$2,FALSE),"") -> 140 | I15: =_xlfn.IFNA(VLOOKUP($D15,Dulieutho,I$2,FALSE),"") -> 264 | J15: =_xlfn.IFNA(VLOOKUP($D15,Dulieutho,J$2,FALSE),"") -> 360 | K15: =_xlfn.IFNA(VLOOKUP($D15,Dulieutho,K$2,FALSE),"") -> 540 | L15: =_xlfn.IFNA(VLOOKUP($D15,Dulieutho,L$2,FALSE),"") -> 160 | M15: =_xlfn.IFNA(VLOOKUP($D15,Dulieutho,M$2,FALSE),"") -> 1 | ... AO15: =_xlfn.IFNA(VLOOKUP($D15,Dulieutho,AO$2,FALSE),"") -> 0
A16: Nguyen Khuyen | C16: Cường | D16: F5-092 | E16: Tiệm ăn sáng NQ Nguyễn ảnh Thủ (Trạm GV) | F16: =_xlfn.IFNA(VLOOKUP($D16,Dulieutho,F$2,FALSE),"") -> 1060 | G16: =_xlfn.IFNA(VLOOKUP($D16,Dulieutho,G$2,FALSE),"") -> 240 | H16: =_xlfn.IFNA(VLOOKUP($D16,Dulieutho,H$2,FALSE),"") -> 240 | I16: =_xlfn.IFNA(VLOOKUP($D16,Dulieutho,I$2,FALSE),"") -> 552 | J16: =_xlfn.IFNA(VLOOKUP($D16,Dulieutho,J$2,FALSE),"") -> 540 | K16: =_xlfn.IFNA(VLOOKUP($D16,Dulieutho,K$2,FALSE),"") -> 660 | L16: =_xlfn.IFNA(VLOOKUP($D16,Dulieutho,L$2,FALSE),"") -> 260 | M16: =_xlfn.IFNA(VLOOKUP($D16,Dulieutho,M$2,FALSE),"") -> 4 | ... AO16: =_xlfn.IFNA(VLOOKUP($D16,Dulieutho,AO$2,FALSE),"") -> 0
A17: Binh Da | C17: Cường | D17: F2-146 | E17: Tiệm ăn sáng NQ Lê Trọng Tấn (Trạm Tân Phú) | F17: =_xlfn.IFNA(VLOOKUP($D17,Dulieutho,F$2,FALSE),"") -> 1040 | G17: =_xlfn.IFNA(VLOOKUP($D17,Dulieutho,G$2,FALSE),"") -> 132 | H17: =_xlfn.IFNA(VLOOKUP($D17,Dulieutho,H$2,FALSE),"") -> 100 | I17: =_xlfn.IFNA(VLOOKUP($D17,Dulieutho,I$2,FALSE),"") -> 72 | J17: =_xlfn.IFNA(VLOOKUP($D17,Dulieutho,J$2,FALSE),"") -> 360 | K17: =_xlfn.IFNA(VLOOKUP($D17,Dulieutho,K$2,FALSE),"") -> 660 | L17: =_xlfn.IFNA(VLOOKUP($D17,Dulieutho,L$2,FALSE),"") -> 110 | M17: =_xlfn.IFNA(VLOOKUP($D17,Dulieutho,M$2,FALSE),"") -> 0 | ... AO17: =_xlfn.IFNA(VLOOKUP($D17,Dulieutho,AO$2,FALSE),"") -> 0
A18: Long Thanh | C18: Cường | D18: F3-192 | E18: Tiệm ăn sáng NQ Nguyễn Đình Chiểu (Trạm SVH) | F18: =_xlfn.IFNA(VLOOKUP($D18,Dulieutho,F$2,FALSE),"") -> 588 | G18: =_xlfn.IFNA(VLOOKUP($D18,Dulieutho,G$2,FALSE),"") -> 52 | H18: =_xlfn.IFNA(VLOOKUP($D18,Dulieutho,H$2,FALSE),"") -> 220 | I18: =_xlfn.IFNA(VLOOKUP($D18,Dulieutho,I$2,FALSE),"") -> 144 | J18: =_xlfn.IFNA(VLOOKUP($D18,Dulieutho,J$2,FALSE),"") -> 270 | K18: =_xlfn.IFNA(VLOOKUP($D18,Dulieutho,K$2,FALSE),"") -> 300 | L18: =_xlfn.IFNA(VLOOKUP($D18,Dulieutho,L$2,FALSE),"") -> 50 | M18: =_xlfn.IFNA(VLOOKUP($D18,Dulieutho,M$2,FALSE),"") -> 0 | ... AO18: =_xlfn.IFNA(VLOOKUP($D18,Dulieutho,AO$2,FALSE),"") -> 0
A19: Binh Chuan | C19: Cường | D19: F6-082 | E19: Tiệm ăn sáng NQ Nguyễn Duy Trinh (Trạm Thủ Đức) | F19: =_xlfn.IFNA(VLOOKUP($D19,Dulieutho,F$2,FALSE),"") -> 2688 | G19: =_xlfn.IFNA(VLOOKUP($D19,Dulieutho,G$2,FALSE),"") -> 412 | H19: =_xlfn.IFNA(VLOOKUP($D19,Dulieutho,H$2,FALSE),"") -> 700 | I19: =_xlfn.IFNA(VLOOKUP($D19,Dulieutho,I$2,FALSE),"") -> 600 | J19: =_xlfn.IFNA(VLOOKUP($D19,Dulieutho,J$2,FALSE),"") -> 1440 | K19: =_xlfn.IFNA(VLOOKUP($D19,Dulieutho,K$2,FALSE),"") -> 1980 | L19: =_xlfn.IFNA(VLOOKUP($D19,Dulieutho,L$2,FALSE),"") -> 410 | M19: =_xlfn.IFNA(VLOOKUP($D19,Dulieutho,M$2,FALSE),"") -> 3 | ... AO19: =_xlfn.IFNA(VLOOKUP($D19,Dulieutho,AO$2,FALSE),"") -> 0
A20: An Binh | C20: Cường | D20: F1-022 | E20: Tiệm ăn sáng NQ Nguyễn Khoái (Trạm CH) | F20: =_xlfn.IFNA(VLOOKUP($D20,Dulieutho,F$2,FALSE),"") -> 888 | G20: =_xlfn.IFNA(VLOOKUP($D20,Dulieutho,G$2,FALSE),"") -> 268 | H20: =_xlfn.IFNA(VLOOKUP($D20,Dulieutho,H$2,FALSE),"") -> 230 | I20: =_xlfn.IFNA(VLOOKUP($D20,Dulieutho,I$2,FALSE),"") -> 384 | J20: =_xlfn.IFNA(VLOOKUP($D20,Dulieutho,J$2,FALSE),"") -> 0 | K20: =_xlfn.IFNA(VLOOKUP($D20,Dulieutho,K$2,FALSE),"") -> 60 | L20: =_xlfn.IFNA(VLOOKUP($D20,Dulieutho,L$2,FALSE),"") -> 220 | M20: =_xlfn.IFNA(VLOOKUP($D20,Dulieutho,M$2,FALSE),"") -> 0 | ... AO20: =_xlfn.IFNA(VLOOKUP($D20,Dulieutho,AO$2,FALSE),"") -> 1500
C21: Cường | D21: F6-258 | E21: Tiệm ăn sáng NQ Nguyễn Thị Định (Trạm Thủ Đức) | F21: =_xlfn.IFNA(VLOOKUP($D21,Dulieutho,F$2,FALSE),"") -> 1136 | G21: =_xlfn.IFNA(VLOOKUP($D21,Dulieutho,G$2,FALSE),"") -> 212 | H21: =_xlfn.IFNA(VLOOKUP($D21,Dulieutho,H$2,FALSE),"") -> 220 | I21: =_xlfn.IFNA(VLOOKUP($D21,Dulieutho,I$2,FALSE),"") -> 240 | J21: =_xlfn.IFNA(VLOOKUP($D21,Dulieutho,J$2,FALSE),"") -> 720 | K21: =_xlfn.IFNA(VLOOKUP($D21,Dulieutho,K$2,FALSE),"") -> 840 | L21: =_xlfn.IFNA(VLOOKUP($D21,Dulieutho,L$2,FALSE),"") -> 190 | M21: =_xlfn.IFNA(VLOOKUP($D21,Dulieutho,M$2,FALSE),"") -> 0 | ... AO21: =_xlfn.IFNA(VLOOKUP($D21,Dulieutho,AO$2,FALSE),"") -> 0
C22: Cường | D22: F3-273 | E22: Tiệm ăn sáng NQ Lý Thái Tổ (Trạm SVH) | F22: =_xlfn.IFNA(VLOOKUP($D22,Dulieutho,F$2,FALSE),"") -> 832 | G22: =_xlfn.IFNA(VLOOKUP($D22,Dulieutho,G$2,FALSE),"") -> 124 | H22: =_xlfn.IFNA(VLOOKUP($D22,Dulieutho,H$2,FALSE),"") -> 430 | I22: =_xlfn.IFNA(VLOOKUP($D22,Dulieutho,I$2,FALSE),"") -> 240 | J22: =_xlfn.IFNA(VLOOKUP($D22,Dulieutho,J$2,FALSE),"") -> 450 | K22: =_xlfn.IFNA(VLOOKUP($D22,Dulieutho,K$2,FALSE),"") -> 660 | L22: =_xlfn.IFNA(VLOOKUP($D22,Dulieutho,L$2,FALSE),"") -> 130 | M22: =_xlfn.IFNA(VLOOKUP($D22,Dulieutho,M$2,FALSE),"") -> 0 | ... AO22: =_xlfn.IFNA(VLOOKUP($D22,Dulieutho,AO$2,FALSE),"") -> 0
C23: Cường | D23: F2-214 | E23: Tiệm ăn sáng NQ Nhà Bè (Trạm Chánh Hưng) | F23: =_xlfn.IFNA(VLOOKUP($D23,Dulieutho,F$2,FALSE),"") -> 812 | G23: =_xlfn.IFNA(VLOOKUP($D23,Dulieutho,G$2,FALSE),"") -> 92 | H23: =_xlfn.IFNA(VLOOKUP($D23,Dulieutho,H$2,FALSE),"") -> 70 | I23: =_xlfn.IFNA(VLOOKUP($D23,Dulieutho,I$2,FALSE),"") -> 96 | J23: =_xlfn.IFNA(VLOOKUP($D23,Dulieutho,J$2,FALSE),"") -> 450 | K23: =_xlfn.IFNA(VLOOKUP($D23,Dulieutho,K$2,FALSE),"") -> 900 | L23: =_xlfn.IFNA(VLOOKUP($D23,Dulieutho,L$2,FALSE),"") -> 70 | M23: =_xlfn.IFNA(VLOOKUP($D23,Dulieutho,M$2,FALSE),"") -> 0 | ... AO23: =_xlfn.IFNA(VLOOKUP($D23,Dulieutho,AO$2,FALSE),"") -> 0
C24: Cường | D24: F3-180 | E24: Tiệm ăn sáng NQ Phạm Đăng Giảng (Trạm Tân Phú) | F24: =_xlfn.IFNA(VLOOKUP($D24,Dulieutho,F$2,FALSE),"") -> 916 | G24: =_xlfn.IFNA(VLOOKUP($D24,Dulieutho,G$2,FALSE),"") -> 104 | H24: =_xlfn.IFNA(VLOOKUP($D24,Dulieutho,H$2,FALSE),"") -> 150 | I24: =_xlfn.IFNA(VLOOKUP($D24,Dulieutho,I$2,FALSE),"") -> 168 | J24: =_xlfn.IFNA(VLOOKUP($D24,Dulieutho,J$2,FALSE),"") -> 270 | K24: =_xlfn.IFNA(VLOOKUP($D24,Dulieutho,K$2,FALSE),"") -> 720 | L24: =_xlfn.IFNA(VLOOKUP($D24,Dulieutho,L$2,FALSE),"") -> 110 | M24: =_xlfn.IFNA(VLOOKUP($D24,Dulieutho,M$2,FALSE),"") -> 1 | ... AO24: =_xlfn.IFNA(VLOOKUP($D24,Dulieutho,AO$2,FALSE),"") -> 0
C25: Cường | D25: F1-176 | E25: Tiệm ăn sáng NQ Phạm Hữu Lầu (Trạm Chánh Hưng) | F25: =_xlfn.IFNA(VLOOKUP($D25,Dulieutho,F$2,FALSE),"") -> 460 | G25: =_xlfn.IFNA(VLOOKUP($D25,Dulieutho,G$2,FALSE),"") -> 48 | H25: =_xlfn.IFNA(VLOOKUP($D25,Dulieutho,H$2,FALSE),"") -> 60 | I25: =_xlfn.IFNA(VLOOKUP($D25,Dulieutho,I$2,FALSE),"") -> 24 | J25: =_xlfn.IFNA(VLOOKUP($D25,Dulieutho,J$2,FALSE),"") -> 90 | K25: =_xlfn.IFNA(VLOOKUP($D25,Dulieutho,K$2,FALSE),"") -> 660 | L25: =_xlfn.IFNA(VLOOKUP($D25,Dulieutho,L$2,FALSE),"") -> 120 | M25: =_xlfn.IFNA(VLOOKUP($D25,Dulieutho,M$2,FALSE),"") -> 1 | ... AO25: =_xlfn.IFNA(VLOOKUP($D25,Dulieutho,AO$2,FALSE),"") -> 0
C26: Cường | D26: F3-278 | E26: Tiệm ăn sáng NQ Phan Văn Trị ( Trạm Chánh Hưng) | F26: =_xlfn.IFNA(VLOOKUP($D26,Dulieutho,F$2,FALSE),"") -> 812 | G26: =_xlfn.IFNA(VLOOKUP($D26,Dulieutho,G$2,FALSE),"") -> 128 | H26: =_xlfn.IFNA(VLOOKUP($D26,Dulieutho,H$2,FALSE),"") -> 280 | I26: =_xlfn.IFNA(VLOOKUP($D26,Dulieutho,I$2,FALSE),"") -> 384 | J26: =_xlfn.IFNA(VLOOKUP($D26,Dulieutho,J$2,FALSE),"") -> 360 | K26: =_xlfn.IFNA(VLOOKUP($D26,Dulieutho,K$2,FALSE),"") -> 600 | L26: =_xlfn.IFNA(VLOOKUP($D26,Dulieutho,L$2,FALSE),"") -> 130 | M26: =_xlfn.IFNA(VLOOKUP($D26,Dulieutho,M$2,FALSE),"") -> 0 | ... AO26: =_xlfn.IFNA(VLOOKUP($D26,Dulieutho,AO$2,FALSE),"") -> 0
C27: Cường | D27: F5-131 | E27: Tiệm ăn sáng NQ Phú Xuân (Trạm CH) | F27: =_xlfn.IFNA(VLOOKUP($D27,Dulieutho,F$2,FALSE),"") -> 1620 | G27: =_xlfn.IFNA(VLOOKUP($D27,Dulieutho,G$2,FALSE),"") -> 192 | H27: =_xlfn.IFNA(VLOOKUP($D27,Dulieutho,H$2,FALSE),"") -> 130 | I27: =_xlfn.IFNA(VLOOKUP($D27,Dulieutho,I$2,FALSE),"") -> 216 | J27: =_xlfn.IFNA(VLOOKUP($D27,Dulieutho,J$2,FALSE),"") -> 630 | K27: =_xlfn.IFNA(VLOOKUP($D27,Dulieutho,K$2,FALSE),"") -> 720 | L27: =_xlfn.IFNA(VLOOKUP($D27,Dulieutho,L$2,FALSE),"") -> 140 | M27: =_xlfn.IFNA(VLOOKUP($D27,Dulieutho,M$2,FALSE),"") -> 3 | ... AO27: =_xlfn.IFNA(VLOOKUP($D27,Dulieutho,AO$2,FALSE),"") -> 0
C28: Cường | D28: F6-148 | E28: Tiệm ăn sáng NQ Sông Giồng (Trạm Thủ Đức) | F28: =_xlfn.IFNA(VLOOKUP($D28,Dulieutho,F$2,FALSE),"") -> 688 | G28: =_xlfn.IFNA(VLOOKUP($D28,Dulieutho,G$2,FALSE),"") -> 116 | H28: =_xlfn.IFNA(VLOOKUP($D28,Dulieutho,H$2,FALSE),"") -> 100 | I28: =_xlfn.IFNA(VLOOKUP($D28,Dulieutho,I$2,FALSE),"") -> 240 | J28: =_xlfn.IFNA(VLOOKUP($D28,Dulieutho,J$2,FALSE),"") -> 270 | K28: =_xlfn.IFNA(VLOOKUP($D28,Dulieutho,K$2,FALSE),"") -> 600 | L28: =_xlfn.IFNA(VLOOKUP($D28,Dulieutho,L$2,FALSE),"") -> 130 | M28: =_xlfn.IFNA(VLOOKUP($D28,Dulieutho,M$2,FALSE),"") -> 3 | ... AO28: =_xlfn.IFNA(VLOOKUP($D28,Dulieutho,AO$2,FALSE),"") -> 0
C29: Cường | D29: F1-209 | E29: Tiệm ăn sáng NQ Tôn Thất Thuyết (Trạm Chánh Hưng) | F29: =_xlfn.IFNA(VLOOKUP($D29,Dulieutho,F$2,FALSE),"") -> 728 | G29: =_xlfn.IFNA(VLOOKUP($D29,Dulieutho,G$2,FALSE),"") -> 100 | H29: =_xlfn.IFNA(VLOOKUP($D29,Dulieutho,H$2,FALSE),"") -> 210 | I29: =_xlfn.IFNA(VLOOKUP($D29,Dulieutho,I$2,FALSE),"") -> 288 | J29: =_xlfn.IFNA(VLOOKUP($D29,Dulieutho,J$2,FALSE),"") -> 1440 | K29: =_xlfn.IFNA(VLOOKUP($D29,Dulieutho,K$2,FALSE),"") -> 1740 | L29: =_xlfn.IFNA(VLOOKUP($D29,Dulieutho,L$2,FALSE),"") -> 400 | M29: =_xlfn.IFNA(VLOOKUP($D29,Dulieutho,M$2,FALSE),"") -> 1 | ... AO29: =_xlfn.IFNA(VLOOKUP($D29,Dulieutho,AO$2,FALSE),"") -> 0
C30: Cường | D30: F5-220 | E30: Tiệm ăn sáng NQ Trung Mỹ Tây (Trạm Tân Phú) | F30: =_xlfn.IFNA(VLOOKUP($D30,Dulieutho,F$2,FALSE),"") -> 644 | G30: =_xlfn.IFNA(VLOOKUP($D30,Dulieutho,G$2,FALSE),"") -> 96 | H30: =_xlfn.IFNA(VLOOKUP($D30,Dulieutho,H$2,FALSE),"") -> 80 | I30: =_xlfn.IFNA(VLOOKUP($D30,Dulieutho,I$2,FALSE),"") -> 24 | J30: =_xlfn.IFNA(VLOOKUP($D30,Dulieutho,J$2,FALSE),"") -> 270 | K30: =_xlfn.IFNA(VLOOKUP($D30,Dulieutho,K$2,FALSE),"") -> 420 | L30: =_xlfn.IFNA(VLOOKUP($D30,Dulieutho,L$2,FALSE),"") -> 100 | M30: =_xlfn.IFNA(VLOOKUP($D30,Dulieutho,M$2,FALSE),"") -> 0 | ... AO30: =_xlfn.IFNA(VLOOKUP($D30,Dulieutho,AO$2,FALSE),"") -> 100
C31: Cường | D31: F6-204 | E31: Tiệm ăn sáng NQ Trương Văn Bang (Trạm Thủ Đức) | F31: =_xlfn.IFNA(VLOOKUP($D31,Dulieutho,F$2,FALSE),"") -> 1248 | G31: =_xlfn.IFNA(VLOOKUP($D31,Dulieutho,G$2,FALSE),"") -> 116 | H31: =_xlfn.IFNA(VLOOKUP($D31,Dulieutho,H$2,FALSE),"") -> 180 | I31: =_xlfn.IFNA(VLOOKUP($D31,Dulieutho,I$2,FALSE),"") -> 264 | J31: =_xlfn.IFNA(VLOOKUP($D31,Dulieutho,J$2,FALSE),"") -> 180 | K31: =_xlfn.IFNA(VLOOKUP($D31,Dulieutho,K$2,FALSE),"") -> 720 | L31: =_xlfn.IFNA(VLOOKUP($D31,Dulieutho,L$2,FALSE),"") -> 130 | M31: =_xlfn.IFNA(VLOOKUP($D31,Dulieutho,M$2,FALSE),"") -> 0 | ... AO31: =_xlfn.IFNA(VLOOKUP($D31,Dulieutho,AO$2,FALSE),"") -> 0
C32: Cường | D32: F1-076 | E32: Tiệm ăn sáng NQ Vĩnh Khánh (Trạm CH) | F32: =_xlfn.IFNA(VLOOKUP($D32,Dulieutho,F$2,FALSE),"") -> 1288 | G32: =_xlfn.IFNA(VLOOKUP($D32,Dulieutho,G$2,FALSE),"") -> 244 | H32: =_xlfn.IFNA(VLOOKUP($D32,Dulieutho,H$2,FALSE),"") -> 290 | I32: =_xlfn.IFNA(VLOOKUP($D32,Dulieutho,I$2,FALSE),"") -> 48 | J32: =_xlfn.IFNA(VLOOKUP($D32,Dulieutho,J$2,FALSE),"") -> 180 | K32: =_xlfn.IFNA(VLOOKUP($D32,Dulieutho,K$2,FALSE),"") -> 1020 | L32: =_xlfn.IFNA(VLOOKUP($D32,Dulieutho,L$2,FALSE),"") -> 140 | M32: =_xlfn.IFNA(VLOOKUP($D32,Dulieutho,M$2,FALSE),"") -> 3 | ... AO32: =_xlfn.IFNA(VLOOKUP($D32,Dulieutho,AO$2,FALSE),"") -> 0
... C97: Thế | D97: F5-187 | E97: Tiệm ăn sáng NQ Lê Đại Hành (Trạm SVH) | F97: =_xlfn.IFNA(VLOOKUP($D97,Dulieutho,F$2,FALSE),"") -> 412 | G97: =_xlfn.IFNA(VLOOKUP($D97,Dulieutho,G$2,FALSE),"") -> 60 | H97: =_xlfn.IFNA(VLOOKUP($D97,Dulieutho,H$2,FALSE),"") -> 170 | I97: =_xlfn.IFNA(VLOOKUP($D97,Dulieutho,I$2,FALSE),"") -> 240 | J97: =_xlfn.IFNA(VLOOKUP($D97,Dulieutho,J$2,FALSE),"") -> 270 | K97: =_xlfn.IFNA(VLOOKUP($D97,Dulieutho,K$2,FALSE),"") -> 240 | L97: =_xlfn.IFNA(VLOOKUP($D97,Dulieutho,L$2,FALSE),"") -> 60 | M97: =_xlfn.IFNA(VLOOKUP($D97,Dulieutho,M$2,FALSE),"") -> 0 | ... AO97: =_xlfn.IFNA(VLOOKUP($D97,Dulieutho,AO$2,FALSE),"") -> 0

Sheet QuyDoi_DonVi
D1: Qui cách nhập dữ liệu | E1: Theo kg | F1: Theo kg | G1: Theo kg | H1: Theo kg | I1: Theo kg | J1: Theo kg | K1: Theo chai | L1: Theo kg | M1: Theo kg | N1: Theo lít | O1: Theo kg | P1: Theo kg | Q1: Theo thùng | R1: Theo cuộn | S1: Theo bao
D2: Cách thức qui đổi | E2: 0.5 kg / bịch * 1000g | F2: 1kg/bịch *1000g | G2: kg * 1000g -> số gam 250g/bịch -> số gam chia 250 ra số bịch 1 bich làm được 16 bánh | H2: Như thông số nhập | I2: Như thông số nhập | J2: Như thông số nhập | K2: 1 chai * 9 ly | L2: Như thông số nhập | M2: Như thông số nhập | N2: 1 lít * 1000g | O2: 1 kg * 1000g | P2: 1 kg * 1000g | Q2: Như thông số nhập | R2: Như thông số nhập | S2: 1 bao * 250 cây
D3: Công thức qui đổi | E3: =0.5*1000 -> 500 | F3: =1*1000 -> 1000 | G3: =1*1000/250*16 -> 64 | K3: =1*9 -> 9 | N3: =1*1000 -> 1000 | O3: =1*1000 -> 1000 | P3: =1*1000 -> 1000 | S3: =1*250 -> 250
A4: MÃ NQ | B4: Quản lý | C4: Mã NQ | D4: NHƯỢNG QUYỀN | E4: Pate gan (g) | F4: Chà bông xốp (g) | G4: Jam Bon (miếng) | H4: Sữa bột (kg) | I4: Trà Đen (kg) | J4: Bột Kem Sữa Cacao (kg) | K4: Nước Ngọt pesi (ly) | L4: Đường (12kg/bao) (kg) | M4: Bột chanh (1kg/túi) | N4: Tương cà lớn (2 lít/bình) (g) | O4: Tương Mayonaise (1kg/bịch) | P4: Tương mù tạc (0.5kg/bịch) | Q4: Ly giấy in hình logo 1p30s | R4: Màng ép | S4: Ống hút (250 cây/bao)
A5: F1-022 | B5: Cường | C5: F1-115 | D5: Tiệm ăn sáng NQ Phước Kiểng 1 (Trạm CH) | E5: =IFERROR(_xlfn.IFNA(VLOOKUP($C5,Dulieutho,ChiTiet!M$2,FALSE),0)*$E$3,0) -> 0 | F5: =IFERROR(_xlfn.IFNA(VLOOKUP($C5,Dulieutho,ChiTiet!N$2,FALSE),0)*$F$3,0) -> 1000 | G5: =IFERROR(_xlfn.IFNA(VLOOKUP($C5,Dulieutho,ChiTiet!O$2,FALSE),0)*$G$3,0) -> 64 | H5: =IFERROR(_xlfn.IFNA(VLOOKUP($C5,Dulieutho,ChiTiet!P$2,FALSE),0),0) -> 0 | I5: =IFERROR(_xlfn.IFNA(VLOOKUP($C5,Dulieutho,ChiTiet!Q$2,FALSE),0),0) -> 1 | J5: =IFERROR(_xlfn.IFNA(VLOOKUP($C5,Dulieutho,ChiTiet!R$2,FALSE),0),0) -> 4 | K5: =IFERROR(_xlfn.IFNA(VLOOKUP($C5,Dulieutho,ChiTiet!S$2,FALSE)*$K$3,0),0) -> 324 | L5: =IFERROR(_xlfn.IFNA(VLOOKUP($C5,Dulieutho,ChiTiet!U$2,FALSE),0),0) -> 0 | M5: =IFERROR(_xlfn.IFNA(VLOOKUP($C5,Dulieutho,ChiTiet!T$2,FALSE),0),0) -> 0 | N5: =IFERROR(_xlfn.IFNA(VLOOKUP($C5,Dulieutho,ChiTiet!V$2,FALSE)*1000,0),0) -> 2000 | O5: =IFERROR(_xlfn.IFNA(VLOOKUP($C5,Dulieutho,ChiTiet!W$2,FALSE)*$O$3,0),0) -> 2000 | P5: =IFERROR(_xlfn.IFNA(VLOOKUP($C5,Dulieutho,ChiTiet!X$2,FALSE)*$P$3,0),0) -> 0 | Q5: =IFERROR(_xlfn.IFNA(VLOOKUP($C5,Dulieutho,ChiTiet!AG$2,FALSE),0),0) -> 1000 | R5: =IFERROR(_xlfn.IFNA(VLOOKUP($C5,Dulieutho,ChiTiet!AH$2,FALSE),0),0) -> 0 | S5: =IFERROR(_xlfn.IFNA(VLOOKUP($C5,Dulieutho,ChiTiet!AI$2,FALSE)*$S$3,0),0) -> 1000
B6: Cường | C6: F5-149 | D6: Tiệm ăn sáng NQ Âu Dương Lân (Trạm Chánh Hưng) | E6: =IFERROR(_xlfn.IFNA(VLOOKUP($C6,Dulieutho,ChiTiet!M$2,FALSE),0)*$E$3,0) -> 0 | F6: =IFERROR(_xlfn.IFNA(VLOOKUP($C6,Dulieutho,ChiTiet!N$2,FALSE),0)*$F$3,0) -> 0 | G6: =IFERROR(_xlfn.IFNA(VLOOKUP($C6,Dulieutho,ChiTiet!O$2,FALSE),0)*$G$3,0) -> 0 | H6: =IFERROR(_xlfn.IFNA(VLOOKUP($C6,Dulieutho,ChiTiet!P$2,FALSE),0),0) -> 0 | I6: =IFERROR(_xlfn.IFNA(VLOOKUP($C6,Dulieutho,ChiTiet!Q$2,FALSE),0),0) -> 0 | J6: =IFERROR(_xlfn.IFNA(VLOOKUP($C6,Dulieutho,ChiTiet!R$2,FALSE),0),0) -> 0 | K6: =IFERROR(_xlfn.IFNA(VLOOKUP($C6,Dulieutho,ChiTiet!S$2,FALSE)*$K$3,0),0) -> 0 | L6: =IFERROR(_xlfn.IFNA(VLOOKUP($C6,Dulieutho,ChiTiet!U$2,FALSE),0),0) -> 0 | M6: =IFERROR(_xlfn.IFNA(VLOOKUP($C6,Dulieutho,ChiTiet!T$2,FALSE),0),0) -> 0 | N6: =IFERROR(_xlfn.IFNA(VLOOKUP($C6,Dulieutho,ChiTiet!V$2,FALSE)*1000,0),0) -> 0 | O6: =IFERROR(_xlfn.IFNA(VLOOKUP($C6,Dulieutho,ChiTiet!W$2,FALSE)*$O$3,0),0) -> 0 | P6: =IFERROR(_xlfn.IFNA(VLOOKUP($C6,Dulieutho,ChiTiet!X$2,FALSE)*$P$3,0),0) -> 0 | Q6: =IFERROR(_xlfn.IFNA(VLOOKUP($C6,Dulieutho,ChiTiet!AG$2,FALSE),0),0) -> 0 | R6: =IFERROR(_xlfn.IFNA(VLOOKUP($C6,Dulieutho,ChiTiet!AH$2,FALSE),0),0) -> 0 | S6: =IFERROR(_xlfn.IFNA(VLOOKUP($C6,Dulieutho,ChiTiet!AI$2,FALSE)*$S$3,0),0) -> 0
B7: Cường | C7: F6-260 | D7: Tiệm ăn sáng NQ Cô Giang 1 (Trạm SVH) | E7: =IFERROR(_xlfn.IFNA(VLOOKUP($C7,Dulieutho,ChiTiet!M$2,FALSE),0)*$E$3,0) -> 0 | F7: =IFERROR(_xlfn.IFNA(VLOOKUP($C7,Dulieutho,ChiTiet!N$2,FALSE),0)*$F$3,0) -> 2000 | G7: =IFERROR(_xlfn.IFNA(VLOOKUP($C7,Dulieutho,ChiTiet!O$2,FALSE),0)*$G$3,0) -> 0 | H7: =IFERROR(_xlfn.IFNA(VLOOKUP($C7,Dulieutho,ChiTiet!P$2,FALSE),0),0) -> 0 | I7: =IFERROR(_xlfn.IFNA(VLOOKUP($C7,Dulieutho,ChiTiet!Q$2,FALSE),0),0) -> 3 | J7: =IFERROR(_xlfn.IFNA(VLOOKUP($C7,Dulieutho,ChiTiet!R$2,FALSE),0),0) -> 21 | K7: =IFERROR(_xlfn.IFNA(VLOOKUP($C7,Dulieutho,ChiTiet!S$2,FALSE)*$K$3,0),0) -> 0 | L7: =IFERROR(_xlfn.IFNA(VLOOKUP($C7,Dulieutho,ChiTiet!U$2,FALSE),0),0) -> 0 | M7: =IFERROR(_xlfn.IFNA(VLOOKUP($C7,Dulieutho,ChiTiet!T$2,FALSE),0),0) -> 12 | N7: =IFERROR(_xlfn.IFNA(VLOOKUP($C7,Dulieutho,ChiTiet!V$2,FALSE)*1000,0),0) -> 4000 | O7: =IFERROR(_xlfn.IFNA(VLOOKUP($C7,Dulieutho,ChiTiet!W$2,FALSE)*$O$3,0),0) -> 12000 | P7: =IFERROR(_xlfn.IFNA(VLOOKUP($C7,Dulieutho,ChiTiet!X$2,FALSE)*$P$3,0),0) -> 500 | Q7: =IFERROR(_xlfn.IFNA(VLOOKUP($C7,Dulieutho,ChiTiet!AG$2,FALSE),0),0) -> 0 | R7: =IFERROR(_xlfn.IFNA(VLOOKUP($C7,Dulieutho,ChiTiet!AH$2,FALSE),0),0) -> 0 | S7: =IFERROR(_xlfn.IFNA(VLOOKUP($C7,Dulieutho,ChiTiet!AI$2,FALSE)*$S$3,0),0) -> 0
B8: Cường | C8: F3-041 | D8: Tiệm ăn sáng NQ Đinh Tiên Hoàng (Trạm SVH) | E8: =IFERROR(_xlfn.IFNA(VLOOKUP($C8,Dulieutho,ChiTiet!M$2,FALSE),0)*$E$3,0) -> 0 | F8: =IFERROR(_xlfn.IFNA(VLOOKUP($C8,Dulieutho,ChiTiet!N$2,FALSE),0)*$F$3,0) -> 0 | G8: =IFERROR(_xlfn.IFNA(VLOOKUP($C8,Dulieutho,ChiTiet!O$2,FALSE),0)*$G$3,0) -> 0 | H8: =IFERROR(_xlfn.IFNA(VLOOKUP($C8,Dulieutho,ChiTiet!P$2,FALSE),0),0) -> 0 | I8: =IFERROR(_xlfn.IFNA(VLOOKUP($C8,Dulieutho,ChiTiet!Q$2,FALSE),0),0) -> 0 | J8: =IFERROR(_xlfn.IFNA(VLOOKUP($C8,Dulieutho,ChiTiet!R$2,FALSE),0),0) -> 0 | K8: =IFERROR(_xlfn.IFNA(VLOOKUP($C8,Dulieutho,ChiTiet!S$2,FALSE)*$K$3,0),0) -> 0 | L8: =IFERROR(_xlfn.IFNA(VLOOKUP($C8,Dulieutho,ChiTiet!U$2,FALSE),0),0) -> 0 | M8: =IFERROR(_xlfn.IFNA(VLOOKUP($C8,Dulieutho,ChiTiet!T$2,FALSE),0),0) -> 0 | N8: =IFERROR(_xlfn.IFNA(VLOOKUP($C8,Dulieutho,ChiTiet!V$2,FALSE)*1000,0),0) -> 0 | O8: =IFERROR(_xlfn.IFNA(VLOOKUP($C8,Dulieutho,ChiTiet!W$2,FALSE)*$O$3,0),0) -> 0 | P8: =IFERROR(_xlfn.IFNA(VLOOKUP($C8,Dulieutho,ChiTiet!X$2,FALSE)*$P$3,0),0) -> 0 | Q8: =IFERROR(_xlfn.IFNA(VLOOKUP($C8,Dulieutho,ChiTiet!AG$2,FALSE),0),0) -> 0 | R8: =IFERROR(_xlfn.IFNA(VLOOKUP($C8,Dulieutho,ChiTiet!AH$2,FALSE),0),0) -> 0 | S8: =IFERROR(_xlfn.IFNA(VLOOKUP($C8,Dulieutho,ChiTiet!AI$2,FALSE)*$S$3,0),0) -> 0
B9: Cường | C9: F5-096 | D9: Tiệm ăn sáng NQ Đồng Nai (Trạm SVH) | E9: =IFERROR(_xlfn.IFNA(VLOOKUP($C9,Dulieutho,ChiTiet!M$2,FALSE),0)*$E$3,0) -> 1000 | F9: =IFERROR(_xlfn.IFNA(VLOOKUP($C9,Dulieutho,ChiTiet!N$2,FALSE),0)*$F$3,0) -> 1000 | G9: =IFERROR(_xlfn.IFNA(VLOOKUP($C9,Dulieutho,ChiTiet!O$2,FALSE),0)*$G$3,0) -> 128 | H9: =IFERROR(_xlfn.IFNA(VLOOKUP($C9,Dulieutho,ChiTiet!P$2,FALSE),0),0) -> 25 | I9: =IFERROR(_xlfn.IFNA(VLOOKUP($C9,Dulieutho,ChiTiet!Q$2,FALSE),0),0) -> 8 | J9: =IFERROR(_xlfn.IFNA(VLOOKUP($C9,Dulieutho,ChiTiet!R$2,FALSE),0),0) -> 39 | K9: =IFERROR(_xlfn.IFNA(VLOOKUP($C9,Dulieutho,ChiTiet!S$2,FALSE)*$K$3,0),0) -> 648 | L9: =IFERROR(_xlfn.IFNA(VLOOKUP($C9,Dulieutho,ChiTiet!U$2,FALSE),0),0) -> 36 | M9: =IFERROR(_xlfn.IFNA(VLOOKUP($C9,Dulieutho,ChiTiet!T$2,FALSE),0),0) -> 11 | N9: =IFERROR(_xlfn.IFNA(VLOOKUP($C9,Dulieutho,ChiTiet!V$2,FALSE)*1000,0),0) -> 20000 | O9: =IFERROR(_xlfn.IFNA(VLOOKUP($C9,Dulieutho,ChiTiet!W$2,FALSE)*$O$3,0),0) -> 10000 | P9: =IFERROR(_xlfn.IFNA(VLOOKUP($C9,Dulieutho,ChiTiet!X$2,FALSE)*$P$3,0),0) -> 500 | Q9: =IFERROR(_xlfn.IFNA(VLOOKUP($C9,Dulieutho,ChiTiet!AG$2,FALSE),0),0) -> 3000 | R9: =IFERROR(_xlfn.IFNA(VLOOKUP($C9,Dulieutho,ChiTiet!AH$2,FALSE),0),0) -> 1 | S9: =IFERROR(_xlfn.IFNA(VLOOKUP($C9,Dulieutho,ChiTiet!AI$2,FALSE)*$S$3,0),0) -> 3000
B10: Cường | C10: F7-235 | D10: Tiệm ăn sáng NQ Hóc Môn (Trạm Tân Phú) | E10: =IFERROR(_xlfn.IFNA(VLOOKUP($C10,Dulieutho,ChiTiet!M$2,FALSE),0)*$E$3,0) -> 500 | F10: =IFERROR(_xlfn.IFNA(VLOOKUP($C10,Dulieutho,ChiTiet!N$2,FALSE),0)*$F$3,0) -> 1000 | G10: =IFERROR(_xlfn.IFNA(VLOOKUP($C10,Dulieutho,ChiTiet!O$2,FALSE),0)*$G$3,0) -> 32 | H10: =IFERROR(_xlfn.IFNA(VLOOKUP($C10,Dulieutho,ChiTiet!P$2,FALSE),0),0) -> 0 | I10: =IFERROR(_xlfn.IFNA(VLOOKUP($C10,Dulieutho,ChiTiet!Q$2,FALSE),0),0) -> 1 | J10: =IFERROR(_xlfn.IFNA(VLOOKUP($C10,Dulieutho,ChiTiet!R$2,FALSE),0),0) -> 11 | K10: =IFERROR(_xlfn.IFNA(VLOOKUP($C10,Dulieutho,ChiTiet!S$2,FALSE)*$K$3,0),0) -> 1188 | L10: =IFERROR(_xlfn.IFNA(VLOOKUP($C10,Dulieutho,ChiTiet!U$2,FALSE),0),0) -> 24 | M10: =IFERROR(_xlfn.IFNA(VLOOKUP($C10,Dulieutho,ChiTiet!T$2,FALSE),0),0) -> 6 | N10: =IFERROR(_xlfn.IFNA(VLOOKUP($C10,Dulieutho,ChiTiet!V$2,FALSE)*1000,0),0) -> 14000 | O10: =IFERROR(_xlfn.IFNA(VLOOKUP($C10,Dulieutho,ChiTiet!W$2,FALSE)*$O$3,0),0) -> 10000 | P10: =IFERROR(_xlfn.IFNA(VLOOKUP($C10,Dulieutho,ChiTiet!X$2,FALSE)*$P$3,0),0) -> 1000 | Q10: =IFERROR(_xlfn.IFNA(VLOOKUP($C10,Dulieutho,ChiTiet!AG$2,FALSE),0),0) -> 2000 | R10: =IFERROR(_xlfn.IFNA(VLOOKUP($C10,Dulieutho,ChiTiet!AH$2,FALSE),0),0) -> 1 | S10: =IFERROR(_xlfn.IFNA(VLOOKUP($C10,Dulieutho,ChiTiet!AI$2,FALSE)*$S$3,0),0) -> 2000
B11: Cường | C11: F1-184 | D11: Tiệm ăn sáng NQ Huỳnh Tấn Phát (Trạm Chánh Hưng) | E11: =IFERROR(_xlfn.IFNA(VLOOKUP($C11,Dulieutho,ChiTiet!M$2,FALSE),0)*$E$3,0) -> 500 | F11: =IFERROR(_xlfn.IFNA(VLOOKUP($C11,Dulieutho,ChiTiet!N$2,FALSE),0)*$F$3,0) -> 1000 | G11: =IFERROR(_xlfn.IFNA(VLOOKUP($C11,Dulieutho,ChiTiet!O$2,FALSE),0)*$G$3,0) -> 256 | H11: =IFERROR(_xlfn.IFNA(VLOOKUP($C11,Dulieutho,ChiTiet!P$2,FALSE),0),0) -> 25 | I11: =IFERROR(_xlfn.IFNA(VLOOKUP($C11,Dulieutho,ChiTiet!Q$2,FALSE),0),0) -> 3 | J11: =IFERROR(_xlfn.IFNA(VLOOKUP($C11,Dulieutho,ChiTiet!R$2,FALSE),0),0) -> 32 | K11: =IFERROR(_xlfn.IFNA(VLOOKUP($C11,Dulieutho,ChiTiet!S$2,FALSE)*$K$3,0),0) -> 1404 | L11: =IFERROR(_xlfn.IFNA(VLOOKUP($C11,Dulieutho,ChiTiet!U$2,FALSE),0),0) -> 12 | M11: =IFERROR(_xlfn.IFNA(VLOOKUP($C11,Dulieutho,ChiTiet!T$2,FALSE),0),0) -> 10 | N11: =IFERROR(_xlfn.IFNA(VLOOKUP($C11,Dulieutho,ChiTiet!V$2,FALSE)*1000,0),0) -> 18000 | O11: =IFERROR(_xlfn.IFNA(VLOOKUP($C11,Dulieutho,ChiTiet!W$2,FALSE)*$O$3,0),0) -> 18000 | P11: =IFERROR(_xlfn.IFNA(VLOOKUP($C11,Dulieutho,ChiTiet!X$2,FALSE)*$P$3,0),0) -> 1500 | Q11: =IFERROR(_xlfn.IFNA(VLOOKUP($C11,Dulieutho,ChiTiet!AG$2,FALSE),0),0) -> 5000 | R11: =IFERROR(_xlfn.IFNA(VLOOKUP($C11,Dulieutho,ChiTiet!AH$2,FALSE),0),0) -> 1 | S11: =IFERROR(_xlfn.IFNA(VLOOKUP($C11,Dulieutho,ChiTiet!AI$2,FALSE)*$S$3,0),0) -> 5000
B12: Cường | C12: F2-036 | D12: Tiệm ăn sáng NQ Huỳnh Tịnh Của (Trạm SVH) | E12: =IFERROR(_xlfn.IFNA(VLOOKUP($C12,Dulieutho,ChiTiet!M$2,FALSE),0)*$E$3,0) -> 0 | F12: =IFERROR(_xlfn.IFNA(VLOOKUP($C12,Dulieutho,ChiTiet!N$2,FALSE),0)*$F$3,0) -> 0 | G12: =IFERROR(_xlfn.IFNA(VLOOKUP($C12,Dulieutho,ChiTiet!O$2,FALSE),0)*$G$3,0) -> 128 | H12: =IFERROR(_xlfn.IFNA(VLOOKUP($C12,Dulieutho,ChiTiet!P$2,FALSE),0),0) -> 50 | I12: =IFERROR(_xlfn.IFNA(VLOOKUP($C12,Dulieutho,ChiTiet!Q$2,FALSE),0),0) -> 6 | J12: =IFERROR(_xlfn.IFNA(VLOOKUP($C12,Dulieutho,ChiTiet!R$2,FALSE),0),0) -> 21.5 | K12: =IFERROR(_xlfn.IFNA(VLOOKUP($C12,Dulieutho,ChiTiet!S$2,FALSE)*$K$3,0),0) -> 540 | L12: =IFERROR(_xlfn.IFNA(VLOOKUP($C12,Dulieutho,ChiTiet!U$2,FALSE),0),0) -> 36 | M12: =IFERROR(_xlfn.IFNA(VLOOKUP($C12,Dulieutho,ChiTiet!T$2,FALSE),0),0) -> 0 | N12: =IFERROR(_xlfn.IFNA(VLOOKUP($C12,Dulieutho,ChiTiet!V$2,FALSE)*1000,0),0) -> 28000 | O12: =IFERROR(_xlfn.IFNA(VLOOKUP($C12,Dulieutho,ChiTiet!W$2,FALSE)*$O$3,0),0) -> 19000 | P12: =IFERROR(_xlfn.IFNA(VLOOKUP($C12,Dulieutho,ChiTiet!X$2,FALSE)*$P$3,0),0) -> 0 | Q12: =IFERROR(_xlfn.IFNA(VLOOKUP($C12,Dulieutho,ChiTiet!AG$2,FALSE),0),0) -> 3000 | R12: =IFERROR(_xlfn.IFNA(VLOOKUP($C12,Dulieutho,ChiTiet!AH$2,FALSE),0),0) -> 1 | S12: =IFERROR(_xlfn.IFNA(VLOOKUP($C12,Dulieutho,ChiTiet!AI$2,FALSE)*$S$3,0),0) -> 3000
B13: Cường | C13: F6-071 | D13: Tiệm ăn sáng NQ Kỳ Đồng (Trạm SVH) | E13: =IFERROR(_xlfn.IFNA(VLOOKUP($C13,Dulieutho,ChiTiet!M$2,FALSE),0)*$E$3,0) -> 500 | F13: =IFERROR(_xlfn.IFNA(VLOOKUP($C13,Dulieutho,ChiTiet!N$2,FALSE),0)*$F$3,0) -> 2000 | G13: =IFERROR(_xlfn.IFNA(VLOOKUP($C13,Dulieutho,ChiTiet!O$2,FALSE),0)*$G$3,0) -> 64 | H13: =IFERROR(_xlfn.IFNA(VLOOKUP($C13,Dulieutho,ChiTiet!P$2,FALSE),0),0) -> 0 | I13: =IFERROR(_xlfn.IFNA(VLOOKUP($C13,Dulieutho,ChiTiet!Q$2,FALSE),0),0) -> 1 | J13: =IFERROR(_xlfn.IFNA(VLOOKUP($C13,Dulieutho,ChiTiet!R$2,FALSE),0),0) -> 8.5 | K13: =IFERROR(_xlfn.IFNA(VLOOKUP($C13,Dulieutho,ChiTiet!S$2,FALSE)*$K$3,0),0) -> 216 | L13: =IFERROR(_xlfn.IFNA(VLOOKUP($C13,Dulieutho,ChiTiet!U$2,FALSE),0),0) -> 0 | M13: =IFERROR(_xlfn.IFNA(VLOOKUP($C13,Dulieutho,ChiTiet!T$2,FALSE),0),0) -> 4 | N13: =IFERROR(_xlfn.IFNA(VLOOKUP($C13,Dulieutho,ChiTiet!V$2,FALSE)*1000,0),0) -> 10000 | O13: =IFERROR(_xlfn.IFNA(VLOOKUP($C13,Dulieutho,ChiTiet!W$2,FALSE)*$O$3,0),0) -> 9000 | P13: =IFERROR(_xlfn.IFNA(VLOOKUP($C13,Dulieutho,ChiTiet!X$2,FALSE)*$P$3,0),0) -> 0 | Q13: =IFERROR(_xlfn.IFNA(VLOOKUP($C13,Dulieutho,ChiTiet!AG$2,FALSE),0),0) -> 1000 | R13: =IFERROR(_xlfn.IFNA(VLOOKUP($C13,Dulieutho,ChiTiet!AH$2,FALSE),0),0) -> 1 | S13: =IFERROR(_xlfn.IFNA(VLOOKUP($C13,Dulieutho,ChiTiet!AI$2,FALSE)*$S$3,0),0) -> 1000
B14: Cường | C14: F1-215 | D14: Tiệm ăn sáng NQ Lâm Văn Bền (Trạm Chánh Hưng) | E14: =IFERROR(_xlfn.IFNA(VLOOKUP($C14,Dulieutho,ChiTiet!M$2,FALSE),0)*$E$3,0) -> 1500 | F14: =IFERROR(_xlfn.IFNA(VLOOKUP($C14,Dulieutho,ChiTiet!N$2,FALSE),0)*$F$3,0) -> 1000 | G14: =IFERROR(_xlfn.IFNA(VLOOKUP($C14,Dulieutho,ChiTiet!O$2,FALSE),0)*$G$3,0) -> 64 | H14: =IFERROR(_xlfn.IFNA(VLOOKUP($C14,Dulieutho,ChiTiet!P$2,FALSE),0),0) -> 0 | I14: =IFERROR(_xlfn.IFNA(VLOOKUP($C14,Dulieutho,ChiTiet!Q$2,FALSE),0),0) -> 3 | J14: =IFERROR(_xlfn.IFNA(VLOOKUP($C14,Dulieutho,ChiTiet!R$2,FALSE),0),0) -> 8 | K14: =IFERROR(_xlfn.IFNA(VLOOKUP($C14,Dulieutho,ChiTiet!S$2,FALSE)*$K$3,0),0) -> 432 | L14: =IFERROR(_xlfn.IFNA(VLOOKUP($C14,Dulieutho,ChiTiet!U$2,FALSE),0),0) -> 24 | M14: =IFERROR(_xlfn.IFNA(VLOOKUP($C14,Dulieutho,ChiTiet!T$2,FALSE),0),0) -> 6 | N14: =IFERROR(_xlfn.IFNA(VLOOKUP($C14,Dulieutho,ChiTiet!V$2,FALSE)*1000,0),0) -> 18000 | O14: =IFERROR(_xlfn.IFNA(VLOOKUP($C14,Dulieutho,ChiTiet!W$2,FALSE)*$O$3,0),0) -> 13000 | P14: =IFERROR(_xlfn.IFNA(VLOOKUP($C14,Dulieutho,ChiTiet!X$2,FALSE)*$P$3,0),0) -> 1000 | Q14: =IFERROR(_xlfn.IFNA(VLOOKUP($C14,Dulieutho,ChiTiet!AG$2,FALSE),0),0) -> 2000 | R14: =IFERROR(_xlfn.IFNA(VLOOKUP($C14,Dulieutho,ChiTiet!AH$2,FALSE),0),0) -> 1 | S14: =IFERROR(_xlfn.IFNA(VLOOKUP($C14,Dulieutho,ChiTiet!AI$2,FALSE)*$S$3,0),0) -> 2000
B15: Cường | C15: F1-191 | D15: Tiệm ăn sáng NQ Lê Thánh Tôn (Trạm Chánh Hưng) | E15: =IFERROR(_xlfn.IFNA(VLOOKUP($C15,Dulieutho,ChiTiet!M$2,FALSE),0)*$E$3,0) -> 1500 | F15: =IFERROR(_xlfn.IFNA(VLOOKUP($C15,Dulieutho,ChiTiet!N$2,FALSE),0)*$F$3,0) -> 1000 | G15: =IFERROR(_xlfn.IFNA(VLOOKUP($C15,Dulieutho,ChiTiet!O$2,FALSE),0)*$G$3,0) -> 96 | H15: =IFERROR(_xlfn.IFNA(VLOOKUP($C15,Dulieutho,ChiTiet!P$2,FALSE),0),0) -> 25 | I15: =IFERROR(_xlfn.IFNA(VLOOKUP($C15,Dulieutho,ChiTiet!Q$2,FALSE),0),0) -> 2 | J15: =IFERROR(_xlfn.IFNA(VLOOKUP($C15,Dulieutho,ChiTiet!R$2,FALSE),0),0) -> 3 | K15: =IFERROR(_xlfn.IFNA(VLOOKUP($C15,Dulieutho,ChiTiet!S$2,FALSE)*$K$3,0),0) -> 432 | L15: =IFERROR(_xlfn.IFNA(VLOOKUP($C15,Dulieutho,ChiTiet!U$2,FALSE),0),0) -> 24 | M15: =IFERROR(_xlfn.IFNA(VLOOKUP($C15,Dulieutho,ChiTiet!T$2,FALSE),0),0) -> 5 | N15: =IFERROR(_xlfn.IFNA(VLOOKUP($C15,Dulieutho,ChiTiet!V$2,FALSE)*1000,0),0) -> 14000 | O15: =IFERROR(_xlfn.IFNA(VLOOKUP($C15,Dulieutho,ChiTiet!W$2,FALSE)*$O$3,0),0) -> 12000 | P15: =IFERROR(_xlfn.IFNA(VLOOKUP($C15,Dulieutho,ChiTiet!X$2,FALSE)*$P$3,0),0) -> 1500 | Q15: =IFERROR(_xlfn.IFNA(VLOOKUP($C15,Dulieutho,ChiTiet!AG$2,FALSE),0),0) -> 2000 | R15: =IFERROR(_xlfn.IFNA(VLOOKUP($C15,Dulieutho,ChiTiet!AH$2,FALSE),0),0) -> 1 | S15: =IFERROR(_xlfn.IFNA(VLOOKUP($C15,Dulieutho,ChiTiet!AI$2,FALSE)*$S$3,0),0) -> 2250
B16: Cường | C16: F6-145 | D16: Tiệm ăn sáng NQ Lương Đình Của (Trạm Thủ Đức) | E16: =IFERROR(_xlfn.IFNA(VLOOKUP($C16,Dulieutho,ChiTiet!M$2,FALSE),0)*$E$3,0) -> 500 | F16: =IFERROR(_xlfn.IFNA(VLOOKUP($C16,Dulieutho,ChiTiet!N$2,FALSE),0)*$F$3,0) -> 1000 | G16: =IFERROR(_xlfn.IFNA(VLOOKUP($C16,Dulieutho,ChiTiet!O$2,FALSE),0)*$G$3,0) -> 32 | H16: =IFERROR(_xlfn.IFNA(VLOOKUP($C16,Dulieutho,ChiTiet!P$2,FALSE),0),0) -> 0 | I16: =IFERROR(_xlfn.IFNA(VLOOKUP($C16,Dulieutho,ChiTiet!Q$2,FALSE),0),0) -> 2 | J16: =IFERROR(_xlfn.IFNA(VLOOKUP($C16,Dulieutho,ChiTiet!R$2,FALSE),0),0) -> 4 | K16: =IFERROR(_xlfn.IFNA(VLOOKUP($C16,Dulieutho,ChiTiet!S$2,FALSE)*$K$3,0),0) -> 432 | L16: =IFERROR(_xlfn.IFNA(VLOOKUP($C16,Dulieutho,ChiTiet!U$2,FALSE),0),0) -> 12 | M16: =IFERROR(_xlfn.IFNA(VLOOKUP($C16,Dulieutho,ChiTiet!T$2,FALSE),0),0) -> 2 | N16: =IFERROR(_xlfn.IFNA(VLOOKUP($C16,Dulieutho,ChiTiet!V$2,FALSE)*1000,0),0) -> 8000 | O16: =IFERROR(_xlfn.IFNA(VLOOKUP($C16,Dulieutho,ChiTiet!W$2,FALSE)*$O$3,0),0) -> 13000 | P16: =IFERROR(_xlfn.IFNA(VLOOKUP($C16,Dulieutho,ChiTiet!X$2,FALSE)*$P$3,0),0) -> 500 | Q16: =IFERROR(_xlfn.IFNA(VLOOKUP($C16,Dulieutho,ChiTiet!AG$2,FALSE),0),0) -> 1000 | R16: =IFERROR(_xlfn.IFNA(VLOOKUP($C16,Dulieutho,ChiTiet!AH$2,FALSE),0),0) -> 1 | S16: =IFERROR(_xlfn.IFNA(VLOOKUP($C16,Dulieutho,ChiTiet!AI$2,FALSE)*$S$3,0),0) -> 1000
B17: Cường | C17: F5-092 | D17: Tiệm ăn sáng NQ Nguyễn ảnh Thủ (Trạm GV) | E17: =IFERROR(_xlfn.IFNA(VLOOKUP($C17,Dulieutho,ChiTiet!M$2,FALSE),0)*$E$3,0) -> 2000 | F17: =IFERROR(_xlfn.IFNA(VLOOKUP($C17,Dulieutho,ChiTiet!N$2,FALSE),0)*$F$3,0) -> 1000 | G17: =IFERROR(_xlfn.IFNA(VLOOKUP($C17,Dulieutho,ChiTiet!O$2,FALSE),0)*$G$3,0) -> 256 | H17: =IFERROR(_xlfn.IFNA(VLOOKUP($C17,Dulieutho,ChiTiet!P$2,FALSE),0),0) -> 0 | I17: =IFERROR(_xlfn.IFNA(VLOOKUP($C17,Dulieutho,ChiTiet!Q$2,FALSE),0),0) -> 1 | J17: =IFERROR(_xlfn.IFNA(VLOOKUP($C17,Dulieutho,ChiTiet!R$2,FALSE),0),0) -> 9 | K17: =IFERROR(_xlfn.IFNA(VLOOKUP($C17,Dulieutho,ChiTiet!S$2,FALSE)*$K$3,0),0) -> 540 | L17: =IFERROR(_xlfn.IFNA(VLOOKUP($C17,Dulieutho,ChiTiet!U$2,FALSE),0),0) -> 24 | M17: =IFERROR(_xlfn.IFNA(VLOOKUP($C17,Dulieutho,ChiTiet!T$2,FALSE),0),0) -> 0 | N17: =IFERROR(_xlfn.IFNA(VLOOKUP($C17,Dulieutho,ChiTiet!V$2,FALSE)*1000,0),0) -> 12000 | O17: =IFERROR(_xlfn.IFNA(VLOOKUP($C17,Dulieutho,ChiTiet!W$2,FALSE)*$O$3,0),0) -> 10000 | P17: =IFERROR(_xlfn.IFNA(VLOOKUP($C17,Dulieutho,ChiTiet!X$2,FALSE)*$P$3,0),0) -> 1000 | Q17: =IFERROR(_xlfn.IFNA(VLOOKUP($C17,Dulieutho,ChiTiet!AG$2,FALSE),0),0) -> 1000 | R17: =IFERROR(_xlfn.IFNA(VLOOKUP($C17,Dulieutho,ChiTiet!AH$2,FALSE),0),0) -> 0 | S17: =IFERROR(_xlfn.IFNA(VLOOKUP($C17,Dulieutho,ChiTiet!AI$2,FALSE)*$S$3,0),0) -> 1000
... B98: Thế | C98: F5-187 | D98: Tiệm ăn sáng NQ Lê Đại Hành (Trạm SVH) | E98: =IFERROR(_xlfn.IFNA(VLOOKUP($C98,Dulieutho,ChiTiet!M$2,FALSE),0)*$E$3,0) -> 0 | F98: =IFERROR(_xlfn.IFNA(VLOOKUP($C98,Dulieutho,ChiTiet!N$2,FALSE),0)*$F$3,0) -> 0 | G98: =IFERROR(_xlfn.IFNA(VLOOKUP($C98,Dulieutho,ChiTiet!O$2,FALSE),0)*$G$3,0) -> 96 | H98: =IFERROR(_xlfn.IFNA(VLOOKUP($C98,Dulieutho,ChiTiet!P$2,FALSE),0),0) -> 0 | I98: =IFERROR(_xlfn.IFNA(VLOOKUP($C98,Dulieutho,ChiTiet!Q$2,FALSE),0),0) -> 2 | J98: =IFERROR(_xlfn.IFNA(VLOOKUP($C98,Dulieutho,ChiTiet!R$2,FALSE),0),0) -> 6.5 | K98: =IFERROR(_xlfn.IFNA(VLOOKUP($C98,Dulieutho,ChiTiet!S$2,FALSE)*$K$3,0),0) -> 216 | L98: =IFERROR(_xlfn.IFNA(VLOOKUP($C98,Dulieutho,ChiTiet!U$2,FALSE),0),0) -> 0 | M98: =IFERROR(_xlfn.IFNA(VLOOKUP($C98,Dulieutho,ChiTiet!T$2,FALSE),0),0) -> 2 | N98: =IFERROR(_xlfn.IFNA(VLOOKUP($C98,Dulieutho,ChiTiet!V$2,FALSE)*1000,0),0) -> 2000 | O98: =IFERROR(_xlfn.IFNA(VLOOKUP($C98,Dulieutho,ChiTiet!W$2,FALSE)*$O$3,0),0) -> 4000 | P98: =IFERROR(_xlfn.IFNA(VLOOKUP($C98,Dulieutho,ChiTiet!X$2,FALSE)*$P$3,0),0) -> 0 | Q98: =IFERROR(_xlfn.IFNA(VLOOKUP($C98,Dulieutho,ChiTiet!AG$2,FALSE),0),0) -> 0 | R98: =IFERROR(_xlfn.IFNA(VLOOKUP($C98,Dulieutho,ChiTiet!AH$2,FALSE),0),0) -> 0 | S98: =IFERROR(_xlfn.IFNA(VLOOKUP($C98,Dulieutho,ChiTiet!AI$2,FALSE)*$S$3,0),0) -> 0

Sheet SOP_Banh
A1: MÃ NQ | B1: Quản lý | C1: Mã NQ | D1: NHƯỢNG QUYỀN | E1: Bánh mì hamburger | F1: Bánh Mì Hotdog | G1: Bánh mì pita | H1: Bánh mì sandwich | I1: Thịt / Gà / Tôm/BTH (miếng) | J1: Tương Cà (g) | K1: Mayonaise (g) | L1: Dầu ăn (lít) | M1: Hộp / Túi / Giấy | N1: Pate (g) | O1: Jambong (bịch) | P1: Chà bông (g) | Q1: Xúc xích (cây) | R1: Túi đựng ly | S1: Ly | T1: Màng ép | U1: Ống Hút | V1: Hộp / Giấy Pita - Hamburger | W1: Túi Giấy Hotdog | X1: Hộp Giấy Sanwich
B2: Cường | C2: F1-115 | D2: Tiệm ăn sáng NQ Phước Kiểng 1 (Trạm CH) | E2: =_xlfn.IFNA(VLOOKUP($C2,Dulieutho,ChiTiet!F$2,FALSE),"") -> 492 | F2: =_xlfn.IFNA(VLOOKUP($C2,Dulieutho,ChiTiet!G$2,FALSE),"") -> 92 | G2: =_xlfn.IFNA(VLOOKUP($C2,Dulieutho,ChiTiet!H$2,FALSE),"") -> 70 | H2: =_xlfn.IFNA(VLOOKUP($C2,Dulieutho,ChiTiet!I$2,FALSE),"") -> 144 | I2: =IFERROR((E2+G2)*1,0) -> 562 | J2: =SUM(E2:G2)*5 -> 3270 | K2: =IFERROR(((E2+G2)*5)+(H2/2*5),0) -> 3170 | L2: =IFERROR((_xlfn.IFNA(VLOOKUP($C2,Dulieutho,ChiTiet!K$2,FALSE),"")+_xlfn.IFNA(VLOOKUP($C2,Dulieutho,ChiTiet!AK$2,FALSE),""))/80,0) -> 3.75 | M2: =IFERROR((E2+G2+F2+(H2/2))*1,0) -> 726 | N2: =IFERROR(H2/2*5,0) -> 360 | O2: =IFERROR(H2/2/16,0) -> 4.5 | P2: =IFERROR(H2/2*5,0) -> 360 | Q2: =IFERROR(F2*1,0) -> 92 | R2: =IFERROR((E2+G2+F2+(H2/2)*1),0) -> 726 | S2: =IFERROR((E2+G2+F2+(H2/2)*1),0) -> 726 | T2: =S2 -> 726 | U2: =S2 -> 726 | V2: =I2 -> 562 | W2: =F2 -> 92 | X2: =IFERROR(H2/2,0) -> 72
B3: Cường | C3: F5-149 | D3: Tiệm ăn sáng NQ Âu Dương Lân (Trạm Chánh Hưng) | E3: =_xlfn.IFNA(VLOOKUP($C3,Dulieutho,ChiTiet!F$2,FALSE),"") | F3: =_xlfn.IFNA(VLOOKUP($C3,Dulieutho,ChiTiet!G$2,FALSE),"") | G3: =_xlfn.IFNA(VLOOKUP($C3,Dulieutho,ChiTiet!H$2,FALSE),"") | H3: =_xlfn.IFNA(VLOOKUP($C3,Dulieutho,ChiTiet!I$2,FALSE),"") | I3: =IFERROR((E3+G3)*1,0) -> 0 | J3: =SUM(E3:G3)*5 -> 0 | K3: =IFERROR(((E3+G3)*5)+(H3/2*5),0) -> 0 | L3: =IFERROR((_xlfn.IFNA(VLOOKUP($C3,Dulieutho,ChiTiet!K$2,FALSE),"")+_xlfn.IFNA(VLOOKUP($C3,Dulieutho,ChiTiet!AK$2,FALSE),""))/80,0) -> 0 | M3: =IFERROR((E3+G3+F3+(H3/2))*1,0) -> 0 | N3: =IFERROR(H3/2*5,0) -> 0 | O3: =IFERROR(H3/2/16,0) -> 0 | P3: =IFERROR(H3/2*5,0) -> 0 | Q3: =IFERROR(F3*1,0) -> 0 | R3: =IFERROR((E3+G3+F3+(H3/2)*1),0) -> 0 | S3: =IFERROR((E3+G3+F3+(H3/2)*1),0) -> 0 | T3: =S3 -> 0 | U3: =S3 -> 0 | V3: =I3 -> 0 | W3: =F3 | X3: =IFERROR(H3/2,0) -> 0
B4: Cường | C4: F6-260 | D4: Tiệm ăn sáng NQ Cô Giang 1 (Trạm SVH) | E4: =_xlfn.IFNA(VLOOKUP($C4,Dulieutho,ChiTiet!F$2,FALSE),"") -> 360 | F4: =_xlfn.IFNA(VLOOKUP($C4,Dulieutho,ChiTiet!G$2,FALSE),"") -> 56 | G4: =_xlfn.IFNA(VLOOKUP($C4,Dulieutho,ChiTiet!H$2,FALSE),"") -> 150 | H4: =_xlfn.IFNA(VLOOKUP($C4,Dulieutho,ChiTiet!I$2,FALSE),"") -> 0 | I4: =IFERROR((E4+G4)*1,0) -> 510 | J4: =SUM(E4:G4)*5 -> 2830 | K4: =IFERROR(((E4+G4)*5)+(H4/2*5),0) -> 2550 | L4: =IFERROR((_xlfn.IFNA(VLOOKUP($C4,Dulieutho,ChiTiet!K$2,FALSE),"")+_xlfn.IFNA(VLOOKUP($C4,Dulieutho,ChiTiet!AK$2,FALSE),""))/80,0) -> 0 | M4: =IFERROR((E4+G4+F4+(H4/2))*1,0) -> 566 | N4: =IFERROR(H4/2*5,0) -> 0 | O4: =IFERROR(H4/2/16,0) -> 0 | P4: =IFERROR(H4/2*5,0) -> 0 | Q4: =IFERROR(F4*1,0) -> 56 | R4: =IFERROR((E4+G4+F4+(H4/2)*1),0) -> 566 | S4: =IFERROR((E4+G4+F4+(H4/2)*1),0) -> 566 | T4: =S4 -> 566 | U4: =S4 -> 566 | V4: =I4 -> 510 | W4: =F4 -> 56 | X4: =IFERROR(H4/2,0) -> 0
B5: Cường | C5: F3-041 | D5: Tiệm ăn sáng NQ Đinh Tiên Hoàng (Trạm SVH) | E5: =_xlfn.IFNA(VLOOKUP($C5,Dulieutho,ChiTiet!F$2,FALSE),"") | F5: =_xlfn.IFNA(VLOOKUP($C5,Dulieutho,ChiTiet!G$2,FALSE),"") | G5: =_xlfn.IFNA(VLOOKUP($C5,Dulieutho,ChiTiet!H$2,FALSE),"") | H5: =_xlfn.IFNA(VLOOKUP($C5,Dulieutho,ChiTiet!I$2,FALSE),"") | I5: =IFERROR((E5+G5)*1,0) -> 0 | J5: =SUM(E5:G5)*5 -> 0 | K5: =IFERROR(((E5+G5)*5)+(H5/2*5),0) -> 0 | L5: =IFERROR((_xlfn.IFNA(VLOOKUP($C5,Dulieutho,ChiTiet!K$2,FALSE),"")+_xlfn.IFNA(VLOOKUP($C5,Dulieutho,ChiTiet!AK$2,FALSE),""))/80,0) -> 0 | M5: =IFERROR((E5+G5+F5+(H5/2))*1,0) -> 0 | N5: =IFERROR(H5/2*5,0) -> 0 | O5: =IFERROR(H5/2/16,0) -> 0 | P5: =IFERROR(H5/2*5,0) -> 0 | Q5: =IFERROR(F5*1,0) -> 0 | R5: =IFERROR((E5+G5+F5+(H5/2)*1),0) -> 0 | S5: =IFERROR((E5+G5+F5+(H5/2)*1),0) -> 0 | T5: =S5 -> 0 | U5: =S5 -> 0 | V5: =I5 -> 0 | W5: =F5 | X5: =IFERROR(H5/2,0) -> 0
B6: Cường | C6: F5-096 | D6: Tiệm ăn sáng NQ Đồng Nai (Trạm SVH) | E6: =_xlfn.IFNA(VLOOKUP($C6,Dulieutho,ChiTiet!F$2,FALSE),"") -> 1912 | F6: =_xlfn.IFNA(VLOOKUP($C6,Dulieutho,ChiTiet!G$2,FALSE),"") -> 144 | G6: =_xlfn.IFNA(VLOOKUP($C6,Dulieutho,ChiTiet!H$2,FALSE),"") -> 880 | H6: =_xlfn.IFNA(VLOOKUP($C6,Dulieutho,ChiTiet!I$2,FALSE),"") -> 360 | I6: =IFERROR((E6+G6)*1,0) -> 2792 | J6: =SUM(E6:G6)*5 -> 14680 | K6: =IFERROR(((E6+G6)*5)+(H6/2*5),0) -> 14860 | L6: =IFERROR((_xlfn.IFNA(VLOOKUP($C6,Dulieutho,ChiTiet!K$2,FALSE),"")+_xlfn.IFNA(VLOOKUP($C6,Dulieutho,ChiTiet!AK$2,FALSE),""))/80,0) -> 25.125 | M6: =IFERROR((E6+G6+F6+(H6/2))*1,0) -> 3116 | N6: =IFERROR(H6/2*5,0) -> 900 | O6: =IFERROR(H6/2/16,0) -> 11.25 | P6: =IFERROR(H6/2*5,0) -> 900 | Q6: =IFERROR(F6*1,0) -> 144 | R6: =IFERROR((E6+G6+F6+(H6/2)*1),0) -> 3116 | S6: =IFERROR((E6+G6+F6+(H6/2)*1),0) -> 3116 | T6: =S6 -> 3116 | U6: =S6 -> 3116 | V6: =I6 -> 2792 | W6: =F6 -> 144 | X6: =IFERROR(H6/2,0) -> 180
B7: Cường | C7: F7-235 | D7: Tiệm ăn sáng NQ Hóc Môn (Trạm Tân Phú) | E7: =_xlfn.IFNA(VLOOKUP($C7,Dulieutho,ChiTiet!F$2,FALSE),"") -> 2216 | F7: =_xlfn.IFNA(VLOOKUP($C7,Dulieutho,ChiTiet!G$2,FALSE),"") -> 232 | G7: =_xlfn.IFNA(VLOOKUP($C7,Dulieutho,ChiTiet!H$2,FALSE),"") -> 210 | H7: =_xlfn.IFNA(VLOOKUP($C7,Dulieutho,ChiTiet!I$2,FALSE),"") -> 120 | I7: =IFERROR((E7+G7)*1,0) -> 2426 | J7: =SUM(E7:G7)*5 -> 13290 | K7: =IFERROR(((E7+G7)*5)+(H7/2*5),0) -> 12430 | L7: =IFERROR((_xlfn.IFNA(VLOOKUP($C7,Dulieutho,ChiTiet!K$2,FALSE),"")+_xlfn.IFNA(VLOOKUP($C7,Dulieutho,ChiTiet!AK$2,FALSE),""))/80,0) -> 24.75 | M7: =IFERROR((E7+G7+F7+(H7/2))*1,0) -> 2718 | N7: =IFERROR(H7/2*5,0) -> 300 | O7: =IFERROR(H7/2/16,0) -> 3.75 | P7: =IFERROR(H7/2*5,0) -> 300 | Q7: =IFERROR(F7*1,0) -> 232 | R7: =IFERROR((E7+G7+F7+(H7/2)*1),0) -> 2718 | S7: =IFERROR((E7+G7+F7+(H7/2)*1),0) -> 2718 | T7: =S7 -> 2718 | U7: =S7 -> 2718 | V7: =I7 -> 2426 | W7: =F7 -> 232 | X7: =IFERROR(H7/2,0) -> 60
B8: Cường | C8: F1-184 | D8: Tiệm ăn sáng NQ Huỳnh Tấn Phát (Trạm Chánh Hưng) | E8: =_xlfn.IFNA(VLOOKUP($C8,Dulieutho,ChiTiet!F$2,FALSE),"") -> 3480 | F8: =_xlfn.IFNA(VLOOKUP($C8,Dulieutho,ChiTiet!G$2,FALSE),"") -> 656 | G8: =_xlfn.IFNA(VLOOKUP($C8,Dulieutho,ChiTiet!H$2,FALSE),"") -> 500 | H8: =_xlfn.IFNA(VLOOKUP($C8,Dulieutho,ChiTiet!I$2,FALSE),"") -> 816 | I8: =IFERROR((E8+G8)*1,0) -> 3980 | J8: =SUM(E8:G8)*5 -> 23180 | K8: =IFERROR(((E8+G8)*5)+(H8/2*5),0) -> 21940 | L8: =IFERROR((_xlfn.IFNA(VLOOKUP($C8,Dulieutho,ChiTiet!K$2,FALSE),"")+_xlfn.IFNA(VLOOKUP($C8,Dulieutho,ChiTiet!AK$2,FALSE),""))/80,0) -> 36.375 | M8: =IFERROR((E8+G8+F8+(H8/2))*1,0) -> 5044 | N8: =IFERROR(H8/2*5,0) -> 2040 | O8: =IFERROR(H8/2/16,0) -> 25.5 | P8: =IFERROR(H8/2*5,0) -> 2040 | Q8: =IFERROR(F8*1,0) -> 656 | R8: =IFERROR((E8+G8+F8+(H8/2)*1),0) -> 5044 | S8: =IFERROR((E8+G8+F8+(H8/2)*1),0) -> 5044 | T8: =S8 -> 5044 | U8: =S8 -> 5044 | V8: =I8 -> 3980 | W8: =F8 -> 656 | X8: =IFERROR(H8/2,0) -> 408
B9: Cường | C9: F2-036 | D9: Tiệm ăn sáng NQ Huỳnh Tịnh Của (Trạm SVH) | E9: =_xlfn.IFNA(VLOOKUP($C9,Dulieutho,ChiTiet!F$2,FALSE),"") -> 2556 | F9: =_xlfn.IFNA(VLOOKUP($C9,Dulieutho,ChiTiet!G$2,FALSE),"") -> 148 | G9: =_xlfn.IFNA(VLOOKUP($C9,Dulieutho,ChiTiet!H$2,FALSE),"") -> 600 | H9: =_xlfn.IFNA(VLOOKUP($C9,Dulieutho,ChiTiet!I$2,FALSE),"") -> 192 | I9: =IFERROR((E9+G9)*1,0) -> 3156 | J9: =SUM(E9:G9)*5 -> 16520 | K9: =IFERROR(((E9+G9)*5)+(H9/2*5),0) -> 16260 | L9: =IFERROR((_xlfn.IFNA(VLOOKUP($C9,Dulieutho,ChiTiet!K$2,FALSE),"")+_xlfn.IFNA(VLOOKUP($C9,Dulieutho,ChiTiet!AK$2,FALSE),""))/80,0) -> 27.75 | M9: =IFERROR((E9+G9+F9+(H9/2))*1,0) -> 3400 | N9: =IFERROR(H9/2*5,0) -> 480 | O9: =IFERROR(H9/2/16,0) -> 6 | P9: =IFERROR(H9/2*5,0) -> 480 | Q9: =IFERROR(F9*1,0) -> 148 | R9: =IFERROR((E9+G9+F9+(H9/2)*1),0) -> 3400 | S9: =IFERROR((E9+G9+F9+(H9/2)*1),0) -> 3400 | T9: =S9 -> 3400 | U9: =S9 -> 3400 | V9: =I9 -> 3156 | W9: =F9 -> 148 | X9: =IFERROR(H9/2,0) -> 96
B10: Cường | C10: F6-071 | D10: Tiệm ăn sáng NQ Kỳ Đồng (Trạm SVH) | E10: =_xlfn.IFNA(VLOOKUP($C10,Dulieutho,ChiTiet!F$2,FALSE),"") -> 628 | F10: =_xlfn.IFNA(VLOOKUP($C10,Dulieutho,ChiTiet!G$2,FALSE),"") -> 136 | G10: =_xlfn.IFNA(VLOOKUP($C10,Dulieutho,ChiTiet!H$2,FALSE),"") -> 270 | H10: =_xlfn.IFNA(VLOOKUP($C10,Dulieutho,ChiTiet!I$2,FALSE),"") -> 264 | I10: =IFERROR((E10+G10)*1,0) -> 898 | J10: =SUM(E10:G10)*5 -> 5170 | K10: =IFERROR(((E10+G10)*5)+(H10/2*5),0) -> 5150 | L10: =IFERROR((_xlfn.IFNA(VLOOKUP($C10,Dulieutho,ChiTiet!K$2,FALSE),"")+_xlfn.IFNA(VLOOKUP($C10,Dulieutho,ChiTiet!AK$2,FALSE),""))/80,0) -> 11.25 | M10: =IFERROR((E10+G10+F10+(H10/2))*1,0) -> 1166 | N10: =IFERROR(H10/2*5,0) -> 660 | O10: =IFERROR(H10/2/16,0) -> 8.25 | P10: =IFERROR(H10/2*5,0) -> 660 | Q10: =IFERROR(F10*1,0) -> 136 | R10: =IFERROR((E10+G10+F10+(H10/2)*1),0) -> 1166 | S10: =IFERROR((E10+G10+F10+(H10/2)*1),0) -> 1166 | T10: =S10 -> 1166 | U10: =S10 -> 1166 | V10: =I10 -> 898 | W10: =F10 -> 136 | X10: =IFERROR(H10/2,0) -> 132
B11: Cường | C11: F1-215 | D11: Tiệm ăn sáng NQ Lâm Văn Bền (Trạm Chánh Hưng) | E11: =_xlfn.IFNA(VLOOKUP($C11,Dulieutho,ChiTiet!F$2,FALSE),"") -> 1348 | F11: =_xlfn.IFNA(VLOOKUP($C11,Dulieutho,ChiTiet!G$2,FALSE),"") -> 168 | G11: =_xlfn.IFNA(VLOOKUP($C11,Dulieutho,ChiTiet!H$2,FALSE),"") -> 320 | H11: =_xlfn.IFNA(VLOOKUP($C11,Dulieutho,ChiTiet!I$2,FALSE),"") -> 336 | I11: =IFERROR((E11+G11)*1,0) -> 1668 | J11: =SUM(E11:G11)*5 -> 9180 | K11: =IFERROR(((E11+G11)*5)+(H11/2*5),0) -> 9180 | L11: =IFERROR((_xlfn.IFNA(VLOOKUP($C11,Dulieutho,ChiTiet!K$2,FALSE),"")+_xlfn.IFNA(VLOOKUP($C11,Dulieutho,ChiTiet!AK$2,FALSE),""))/80,0) -> 0 | M11: =IFERROR((E11+G11+F11+(H11/2))*1,0) -> 2004 | N11: =IFERROR(H11/2*5,0) -> 840 | O11: =IFERROR(H11/2/16,0) -> 10.5 | P11: =IFERROR(H11/2*5,0) -> 840 | Q11: =IFERROR(F11*1,0) -> 168 | R11: =IFERROR((E11+G11+F11+(H11/2)*1),0) -> 2004 | S11: =IFERROR((E11+G11+F11+(H11/2)*1),0) -> 2004 | T11: =S11 -> 2004 | U11: =S11 -> 2004 | V11: =I11 -> 1668 | W11: =F11 -> 168 | X11: =IFERROR(H11/2,0) -> 168
B12: Cường | C12: F1-191 | D12: Tiệm ăn sáng NQ Lê Thánh Tôn (Trạm Chánh Hưng) | E12: =_xlfn.IFNA(VLOOKUP($C12,Dulieutho,ChiTiet!F$2,FALSE),"") -> 1152 | F12: =_xlfn.IFNA(VLOOKUP($C12,Dulieutho,ChiTiet!G$2,FALSE),"") -> 148 | G12: =_xlfn.IFNA(VLOOKUP($C12,Dulieutho,ChiTiet!H$2,FALSE),"") -> 350 | H12: =_xlfn.IFNA(VLOOKUP($C12,Dulieutho,ChiTiet!I$2,FALSE),"") -> 360 | I12: =IFERROR((E12+G12)*1,0) -> 1502 | J12: =SUM(E12:G12)*5 -> 8250 | K12: =IFERROR(((E12+G12)*5)+(H12/2*5),0) -> 8410 | L12: =IFERROR((_xlfn.IFNA(VLOOKUP($C12,Dulieutho,ChiTiet!K$2,FALSE),"")+_xlfn.IFNA(VLOOKUP($C12,Dulieutho,ChiTiet!AK$2,FALSE),""))/80,0) -> 14.25 | M12: =IFERROR((E12+G12+F12+(H12/2))*1,0) -> 1830 | N12: =IFERROR(H12/2*5,0) -> 900 | O12: =IFERROR(H12/2/16,0) -> 11.25 | P12: =IFERROR(H12/2*5,0) -> 900 | Q12: =IFERROR(F12*1,0) -> 148 | R12: =IFERROR((E12+G12+F12+(H12/2)*1),0) -> 1830 | S12: =IFERROR((E12+G12+F12+(H12/2)*1),0) -> 1830 | T12: =S12 -> 1830 | U12: =S12 -> 1830 | V12: =I12 -> 1502 | W12: =F12 -> 148 | X12: =IFERROR(H12/2,0) -> 180
B13: Cường | C13: F6-145 | D13: Tiệm ăn sáng NQ Lương Đình Của (Trạm Thủ Đức) | E13: =_xlfn.IFNA(VLOOKUP($C13,Dulieutho,ChiTiet!F$2,FALSE),"") -> 900 | F13: =_xlfn.IFNA(VLOOKUP($C13,Dulieutho,ChiTiet!G$2,FALSE),"") -> 160 | G13: =_xlfn.IFNA(VLOOKUP($C13,Dulieutho,ChiTiet!H$2,FALSE),"") -> 140 | H13: =_xlfn.IFNA(VLOOKUP($C13,Dulieutho,ChiTiet!I$2,FALSE),"") -> 264 | I13: =IFERROR((E13+G13)*1,0) -> 1040 | J13: =SUM(E13:G13)*5 -> 6000 | K13: =IFERROR(((E13+G13)*5)+(H13/2*5),0) -> 5860 | L13: =IFERROR((_xlfn.IFNA(VLOOKUP($C13,Dulieutho,ChiTiet!K$2,FALSE),"")+_xlfn.IFNA(VLOOKUP($C13,Dulieutho,ChiTiet!AK$2,FALSE),""))/80,0) -> 7.875 | M13: =IFERROR((E13+G13+F13+(H13/2))*1,0) -> 1332 | N13: =IFERROR(H13/2*5,0) -> 660 | O13: =IFERROR(H13/2/16,0) -> 8.25 | P13: =IFERROR(H13/2*5,0) -> 660 | Q13: =IFERROR(F13*1,0) -> 160 | R13: =IFERROR((E13+G13+F13+(H13/2)*1),0) -> 1332 | S13: =IFERROR((E13+G13+F13+(H13/2)*1),0) -> 1332 | T13: =S13 -> 1332 | U13: =S13 -> 1332 | V13: =I13 -> 1040 | W13: =F13 -> 160 | X13: =IFERROR(H13/2,0) -> 132
... B95: Thế | C95: F5-187 | D95: Tiệm ăn sáng NQ Lê Đại Hành (Trạm SVH) | E95: =_xlfn.IFNA(VLOOKUP($C95,Dulieutho,ChiTiet!F$2,FALSE),"") -> 412 | F95: =_xlfn.IFNA(VLOOKUP($C95,Dulieutho,ChiTiet!G$2,FALSE),"") -> 60 | G95: =_xlfn.IFNA(VLOOKUP($C95,Dulieutho,ChiTiet!H$2,FALSE),"") -> 170 | H95: =_xlfn.IFNA(VLOOKUP($C95,Dulieutho,ChiTiet!I$2,FALSE),"") -> 240 | I95: =IFERROR((E95+G95)*1,0) -> 582 | J95: =SUM(E95:G95)*5 -> 3210 | K95: =IFERROR(((E95+G95)*5)+(H95/2*5),0) -> 3510 | L95: =IFERROR((_xlfn.IFNA(VLOOKUP($C95,Dulieutho,ChiTiet!K$2,FALSE),"")+_xlfn.IFNA(VLOOKUP($C95,Dulieutho,ChiTiet!AK$2,FALSE),""))/80,0) -> 4.125 | M95: =IFERROR((E95+G95+F95+(H95/2))*1,0) -> 762 | N95: =IFERROR(H95/2*5,0) -> 600 | O95: =IFERROR(H95/2/16,0) -> 7.5 | P95: =IFERROR(H95/2*5,0) -> 600 | Q95: =IFERROR(F95*1,0) -> 60 | R95: =IFERROR((E95+G95+F95+(H95/2)*1),0) -> 762 | S95: =IFERROR((E95+G95+F95+(H95/2)*1),0) -> 762 | T95: =S95 -> 762 | U95: =S95 -> 762 | V95: =I95 -> 582 | W95: =F95 -> 60 | X95: =IFERROR(H95/2,0) -> 120

Sheet SOP_Nuoc
D1: Cách thức qui đổi ra số ly | E1: Số ly theo số lượng bánh nhập thực tế (số lượng qui đổi mong muốn) | F1: Số ly tính theo nguyên liệu đã nhập (tính theo SOP công ty) | G1: Tỉ lệ % số ly theo SOP so với số lượng ly tính theo số bánh đã nhập | I1: 1.1 kg bột sữa + 1.1 kg đường + 200g trà đen = 12 lít trà sữa (dựa vào bột sữa để tính) 1 lít trà sữa = 6 ly | J1: 1.5 kg bột cacao = 6 lít cacao 1 lít cacao = 8 ly | K1: Đã tính theo ly | L1: 1 kg bột chanh = 10 lít hồng trà 1 lít hồng trà = 7 ly | U1: Lấy theo số lượng đã nhập (thông số chuẩn để pha Trà Sữa) | V1: 200g trà đen / 1.1 kg bột sữa | W1: 1.1 kg đường / 1.1 kg bột sữa
D2: Công thức qui đổi ra số ly | I2: =(1/1.1)*12*6 -> 65.454545 | J2: =(1/1.5)*6*8 -> 32 | L2: =1*10*7 -> 70 | U2: 1100 | V2: =200*100/1100 -> 18.181818 | W2: 1100
A3: MÃ NQ | B3: Quản lý | C3: Mã NQ | D3: NHƯỢNG QUYỀN | E3: Ly (tính theo số bánh đã nhập) | F3: Ly (theo SOP) | G3: Tỉ lệ (%) ly SOP so với số bánh đã nhập | H3: Chênh lệch (%) | I3: TRÀ SỮA (ly) theo số bột sữa đã nhập | J3: CACAO (ly) theo số bột cacao đã nhập | K3: PEPSI (ly) theo chai nước ngọt đã nhập | L3: Hồng trà chanh (ly) theo bột chanh đã nhập | M3: TRÀ SỮA (%) theo số bột sữa đã nhập | N3: CACAO (%) theo số bột cacao đã nhập | O3: PEPSI (%) theo chai nước ngọt đã nhập | P3: Hồng trà chanh (%) theo bột chanh đã nhập | Q3: TRÀ SỮA (ly) theo SOP | R3: CACAO (ly) theo SOP | S3: PEPSI (ly) theo SOP | T3: Hồng trà chanh (ly) theo SOP | U3: Sữa bột (25kg/bịt) | V3: Trà Đen (1kg/bịt) | W3: Đường (12kg/bao)
B4: Cường | C4: F1-115 | D4: Tiệm ăn sáng NQ Phước Kiểng 1 (Trạm CH) | E4: =_xlfn.IFNA(VLOOKUP($C4,SOP_Banh!$C:$X,17,FALSE),"") -> 726 | F4: =SUM(I4:L4) -> 452 | G4: =IFERROR(F4*100/E4,0) -> 62.258953 | H4: =G4-100 -> -37.741047 | I4: =_xlfn.IFNA(VLOOKUP($C4,QuyDoi_DonVi!$C:$S,6,FALSE)*$I$2,0) -> 0 | J4: =_xlfn.IFNA(VLOOKUP($C4,QuyDoi_DonVi!$C:$S,8,FALSE)*$J$2,0) -> 128 | K4: =_xlfn.IFNA(VLOOKUP($C4,QuyDoi_DonVi!$C:$S,9,FALSE),0) -> 324 | L4: =_xlfn.IFNA(VLOOKUP($C4,QuyDoi_DonVi!$C:$S,11,FALSE)*$L$2,0) -> 0 | M4: =IFERROR(I4*100/E4,0) -> 0 | N4: =IFERROR(J4*100/E4,0) -> 17.630854 | O4: =IFERROR(K4*100/E4,0) -> 44.628099 | P4: =IFERROR(L4*100/E4,0) -> 0 | Q4: =IFERROR(M4*E4/100,0) -> 0 | R4: =IFERROR(N4*E4/100,0) -> 128 | S4: =IFERROR(O4*E4/100,0) -> 324 | T4: =IFERROR(P4*E4/100,0) -> 0 | U4: =_xlfn.IFNA(VLOOKUP($C4,QuyDoi_DonVi!$C:$S,6,FALSE),0) -> 0 | V4: =U4*$V$2/100 -> 0 | W4: =U4 -> 0
B5: Cường | C5: F5-149 | D5: Tiệm ăn sáng NQ Âu Dương Lân (Trạm Chánh Hưng) | E5: =_xlfn.IFNA(VLOOKUP($C5,SOP_Banh!$C:$X,17,FALSE),"") -> 0 | F5: =SUM(I5:L5) -> 0 | G5: =IFERROR(F5*100/E5,0) -> 0 | H5: =G5-100 -> -100 | I5: =_xlfn.IFNA(VLOOKUP($C5,QuyDoi_DonVi!$C:$S,6,FALSE)*$I$2,0) -> 0 | J5: =_xlfn.IFNA(VLOOKUP($C5,QuyDoi_DonVi!$C:$S,8,FALSE)*$J$2,0) -> 0 | K5: =_xlfn.IFNA(VLOOKUP($C5,QuyDoi_DonVi!$C:$S,9,FALSE),0) -> 0 | L5: =_xlfn.IFNA(VLOOKUP($C5,QuyDoi_DonVi!$C:$S,11,FALSE)*$L$2,0) -> 0 | M5: =IFERROR(I5*100/E5,0) -> 0 | N5: =IFERROR(J5*100/E5,0) -> 0 | O5: =IFERROR(K5*100/E5,0) -> 0 | P5: =IFERROR(L5*100/E5,0) -> 0 | Q5: =IFERROR(M5*E5/100,0) -> 0 | R5: =IFERROR(N5*E5/100,0) -> 0 | S5: =IFERROR(O5*E5/100,0) -> 0 | T5: =IFERROR(P5*E5/100,0) -> 0 | U5: =_xlfn.IFNA(VLOOKUP($C5,QuyDoi_DonVi!$C:$S,6,FALSE),0) -> 0 | V5: =U5*$V$2/100 -> 0 | W5: =U5 -> 0
B6: Cường | C6: F6-260 | D6: Tiệm ăn sáng NQ Cô Giang 1 (Trạm SVH) | E6: =_xlfn.IFNA(VLOOKUP($C6,SOP_Banh!$C:$X,17,FALSE),"") -> 566 | F6: =SUM(I6:L6) -> 1512 | G6: =IFERROR(F6*100/E6,0) -> 267.13781 | H6: =G6-100 -> 167.13781 | I6: =_xlfn.IFNA(VLOOKUP($C6,QuyDoi_DonVi!$C:$S,6,FALSE)*$I$2,0) -> 0 | J6: =_xlfn.IFNA(VLOOKUP($C6,QuyDoi_DonVi!$C:$S,8,FALSE)*$J$2,0) -> 672 | K6: =_xlfn.IFNA(VLOOKUP($C6,QuyDoi_DonVi!$C:$S,9,FALSE),0) -> 0 | L6: =_xlfn.IFNA(VLOOKUP($C6,QuyDoi_DonVi!$C:$S,11,FALSE)*$L$2,0) -> 840 | M6: =IFERROR(I6*100/E6,0) -> 0 | N6: =IFERROR(J6*100/E6,0) -> 118.72792 | O6: =IFERROR(K6*100/E6,0) -> 0 | P6: =IFERROR(L6*100/E6,0) -> 148.40989 | Q6: =IFERROR(M6*E6/100,0) -> 0 | R6: =IFERROR(N6*E6/100,0) -> 672 | S6: =IFERROR(O6*E6/100,0) -> 0 | T6: =IFERROR(P6*E6/100,0) -> 840 | U6: =_xlfn.IFNA(VLOOKUP($C6,QuyDoi_DonVi!$C:$S,6,FALSE),0) -> 0 | V6: =U6*$V$2/100 -> 0 | W6: =U6 -> 0
B7: Cường | C7: F3-041 | D7: Tiệm ăn sáng NQ Đinh Tiên Hoàng (Trạm SVH) | E7: =_xlfn.IFNA(VLOOKUP($C7,SOP_Banh!$C:$X,17,FALSE),"") -> 0 | F7: =SUM(I7:L7) -> 0 | G7: =IFERROR(F7*100/E7,0) -> 0 | H7: =G7-100 -> -100 | I7: =_xlfn.IFNA(VLOOKUP($C7,QuyDoi_DonVi!$C:$S,6,FALSE)*$I$2,0) -> 0 | J7: =_xlfn.IFNA(VLOOKUP($C7,QuyDoi_DonVi!$C:$S,8,FALSE)*$J$2,0) -> 0 | K7: =_xlfn.IFNA(VLOOKUP($C7,QuyDoi_DonVi!$C:$S,9,FALSE),0) -> 0 | L7: =_xlfn.IFNA(VLOOKUP($C7,QuyDoi_DonVi!$C:$S,11,FALSE)*$L$2,0) -> 0 | M7: =IFERROR(I7*100/E7,0) -> 0 | N7: =IFERROR(J7*100/E7,0) -> 0 | O7: =IFERROR(K7*100/E7,0) -> 0 | P7: =IFERROR(L7*100/E7,0) -> 0 | Q7: =IFERROR(M7*E7/100,0) -> 0 | R7: =IFERROR(N7*E7/100,0) -> 0 | S7: =IFERROR(O7*E7/100,0) -> 0 | T7: =IFERROR(P7*E7/100,0) -> 0 | U7: =_xlfn.IFNA(VLOOKUP($C7,QuyDoi_DonVi!$C:$S,6,FALSE),0) -> 0 | V7: =U7*$V$2/100 -> 0 | W7: =U7 -> 0
B8: Cường | C8: F5-096 | D8: Tiệm ăn sáng NQ Đồng Nai (Trạm SVH) | E8: =_xlfn.IFNA(VLOOKUP($C8,SOP_Banh!$C:$X,17,FALSE),"") -> 3116 | F8: =SUM(I8:L8) -> 4302.3636 | G8: =IFERROR(F8*100/E8,0) -> 138.07329 | H8: =G8-100 -> 38.073287 | I8: =_xlfn.IFNA(VLOOKUP($C8,QuyDoi_DonVi!$C:$S,6,FALSE)*$I$2,0) -> 1636.3636 | J8: =_xlfn.IFNA(VLOOKUP($C8,QuyDoi_DonVi!$C:$S,8,FALSE)*$J$2,0) -> 1248 | K8: =_xlfn.IFNA(VLOOKUP($C8,QuyDoi_DonVi!$C:$S,9,FALSE),0) -> 648 | L8: =_xlfn.IFNA(VLOOKUP($C8,QuyDoi_DonVi!$C:$S,11,FALSE)*$L$2,0) -> 770 | M8: =IFERROR(I8*100/E8,0) -> 52.514879 | N8: =IFERROR(J8*100/E8,0) -> 40.051348 | O8: =IFERROR(K8*100/E8,0) -> 20.795892 | P8: =IFERROR(L8*100/E8,0) -> 24.711168 | Q8: =IFERROR(M8*E8/100,0) -> 1636.3636 | R8: =IFERROR(N8*E8/100,0) -> 1248 | S8: =IFERROR(O8*E8/100,0) -> 648 | T8: =IFERROR(P8*E8/100,0) -> 770 | U8: =_xlfn.IFNA(VLOOKUP($C8,QuyDoi_DonVi!$C:$S,6,FALSE),0) -> 25 | V8: =U8*$V$2/100 -> 4.5454545 | W8: =U8 -> 25
B9: Cường | C9: F7-235 | D9: Tiệm ăn sáng NQ Hóc Môn (Trạm Tân Phú) | E9: =_xlfn.IFNA(VLOOKUP($C9,SOP_Banh!$C:$X,17,FALSE),"") -> 2718 | F9: =SUM(I9:L9) -> 1960 | G9: =IFERROR(F9*100/E9,0) -> 72.111847 | H9: =G9-100 -> -27.888153 | I9: =_xlfn.IFNA(VLOOKUP($C9,QuyDoi_DonVi!$C:$S,6,FALSE)*$I$2,0) -> 0 | J9: =_xlfn.IFNA(VLOOKUP($C9,QuyDoi_DonVi!$C:$S,8,FALSE)*$J$2,0) -> 352 | K9: =_xlfn.IFNA(VLOOKUP($C9,QuyDoi_DonVi!$C:$S,9,FALSE),0) -> 1188 | L9: =_xlfn.IFNA(VLOOKUP($C9,QuyDoi_DonVi!$C:$S,11,FALSE)*$L$2,0) -> 420 | M9: =IFERROR(I9*100/E9,0) -> 0 | N9: =IFERROR(J9*100/E9,0) -> 12.950699 | O9: =IFERROR(K9*100/E9,0) -> 43.708609 | P9: =IFERROR(L9*100/E9,0) -> 15.452539 | Q9: =IFERROR(M9*E9/100,0) -> 0 | R9: =IFERROR(N9*E9/100,0) -> 352 | S9: =IFERROR(O9*E9/100,0) -> 1188 | T9: =IFERROR(P9*E9/100,0) -> 420 | U9: =_xlfn.IFNA(VLOOKUP($C9,QuyDoi_DonVi!$C:$S,6,FALSE),0) -> 0 | V9: =U9*$V$2/100 -> 0 | W9: =U9 -> 0
B10: Cường | C10: F1-184 | D10: Tiệm ăn sáng NQ Huỳnh Tấn Phát (Trạm Chánh Hưng) | E10: =_xlfn.IFNA(VLOOKUP($C10,SOP_Banh!$C:$X,17,FALSE),"") -> 5044 | F10: =SUM(I10:L10) -> 4764.3636 | G10: =IFERROR(F10*100/E10,0) -> 94.456059 | H10: =G10-100 -> -5.5439406 | I10: =_xlfn.IFNA(VLOOKUP($C10,QuyDoi_DonVi!$C:$S,6,FALSE)*$I$2,0) -> 1636.3636 | J10: =_xlfn.IFNA(VLOOKUP($C10,QuyDoi_DonVi!$C:$S,8,FALSE)*$J$2,0) -> 1024 | K10: =_xlfn.IFNA(VLOOKUP($C10,QuyDoi_DonVi!$C:$S,9,FALSE),0) -> 1404 | L10: =_xlfn.IFNA(VLOOKUP($C10,QuyDoi_DonVi!$C:$S,11,FALSE)*$L$2,0) -> 700 | M10: =IFERROR(I10*100/E10,0) -> 32.441785 | N10: =IFERROR(J10*100/E10,0) -> 20.301348 | O10: =IFERROR(K10*100/E10,0) -> 27.835052 | P10: =IFERROR(L10*100/E10,0) -> 13.877875 | Q10: =IFERROR(M10*E10/100,0) -> 1636.3636 | R10: =IFERROR(N10*E10/100,0) -> 1024 | S10: =IFERROR(O10*E10/100,0) -> 1404 | T10: =IFERROR(P10*E10/100,0) -> 700 | U10: =_xlfn.IFNA(VLOOKUP($C10,QuyDoi_DonVi!$C:$S,6,FALSE),0) -> 25 | V10: =U10*$V$2/100 -> 4.5454545 | W10: =U10 -> 25
B11: Cường | C11: F2-036 | D11: Tiệm ăn sáng NQ Huỳnh Tịnh Của (Trạm SVH) | E11: =_xlfn.IFNA(VLOOKUP($C11,SOP_Banh!$C:$X,17,FALSE),"") -> 3400 | F11: =SUM(I11:L11) -> 4500.7273 | G11: =IFERROR(F11*100/E11,0) -> 132.37433 | H11: =G11-100 -> 32.374332 | I11: =_xlfn.IFNA(VLOOKUP($C11,QuyDoi_DonVi!$C:$S,6,FALSE)*$I$2,0) -> 3272.7273 | J11: =_xlfn.IFNA(VLOOKUP($C11,QuyDoi_DonVi!$C:$S,8,FALSE)*$J$2,0) -> 688 | K11: =_xlfn.IFNA(VLOOKUP($C11,QuyDoi_DonVi!$C:$S,9,FALSE),0) -> 540 | L11: =_xlfn.IFNA(VLOOKUP($C11,QuyDoi_DonVi!$C:$S,11,FALSE)*$L$2,0) -> 0 | M11: =IFERROR(I11*100/E11,0) -> 96.256684 | N11: =IFERROR(J11*100/E11,0) -> 20.235294 | O11: =IFERROR(K11*100/E11,0) -> 15.882353 | P11: =IFERROR(L11*100/E11,0) -> 0 | Q11: =IFERROR(M11*E11/100,0) -> 3272.7273 | R11: =IFERROR(N11*E11/100,0) -> 688 | S11: =IFERROR(O11*E11/100,0) -> 540 | T11: =IFERROR(P11*E11/100,0) -> 0 | U11: =_xlfn.IFNA(VLOOKUP($C11,QuyDoi_DonVi!$C:$S,6,FALSE),0) -> 50 | V11: =U11*$V$2/100 -> 9.0909091 | W11: =U11 -> 50
B12: Cường | C12: F6-071 | D12: Tiệm ăn sáng NQ Kỳ Đồng (Trạm SVH) | E12: =_xlfn.IFNA(VLOOKUP($C12,SOP_Banh!$C:$X,17,FALSE),"") -> 1166 | F12: =SUM(I12:L12) -> 768 | G12: =IFERROR(F12*100/E12,0) -> 65.866209 | H12: =G12-100 -> -34.133791 | I12: =_xlfn.IFNA(VLOOKUP($C12,QuyDoi_DonVi!$C:$S,6,FALSE)*$I$2,0) -> 0 | J12: =_xlfn.IFNA(VLOOKUP($C12,QuyDoi_DonVi!$C:$S,8,FALSE)*$J$2,0) -> 272 | K12: =_xlfn.IFNA(VLOOKUP($C12,QuyDoi_DonVi!$C:$S,9,FALSE),0) -> 216 | L12: =_xlfn.IFNA(VLOOKUP($C12,QuyDoi_DonVi!$C:$S,11,FALSE)*$L$2,0) -> 280 | M12: =IFERROR(I12*100/E12,0) -> 0 | N12: =IFERROR(J12*100/E12,0) -> 23.327616 | O12: =IFERROR(K12*100/E12,0) -> 18.524871 | P12: =IFERROR(L12*100/E12,0) -> 24.013722 | Q12: =IFERROR(M12*E12/100,0) -> 0 | R12: =IFERROR(N12*E12/100,0) -> 272 | S12: =IFERROR(O12*E12/100,0) -> 216 | T12: =IFERROR(P12*E12/100,0) -> 280 | U12: =_xlfn.IFNA(VLOOKUP($C12,QuyDoi_DonVi!$C:$S,6,FALSE),0) -> 0 | V12: =U12*$V$2/100 -> 0 | W12: =U12 -> 0
B13: Cường | C13: F1-215 | D13: Tiệm ăn sáng NQ Lâm Văn Bền (Trạm Chánh Hưng) | E13: =_xlfn.IFNA(VLOOKUP($C13,SOP_Banh!$C:$X,17,FALSE),"") -> 2004 | F13: =SUM(I13:L13) -> 1108 | G13: =IFERROR(F13*100/E13,0) -> 55.289421 | H13: =G13-100 -> -44.710579 | I13: =_xlfn.IFNA(VLOOKUP($C13,QuyDoi_DonVi!$C:$S,6,FALSE)*$I$2,0) -> 0 | J13: =_xlfn.IFNA(VLOOKUP($C13,QuyDoi_DonVi!$C:$S,8,FALSE)*$J$2,0) -> 256 | K13: =_xlfn.IFNA(VLOOKUP($C13,QuyDoi_DonVi!$C:$S,9,FALSE),0) -> 432 | L13: =_xlfn.IFNA(VLOOKUP($C13,QuyDoi_DonVi!$C:$S,11,FALSE)*$L$2,0) -> 420 | M13: =IFERROR(I13*100/E13,0) -> 0 | N13: =IFERROR(J13*100/E13,0) -> 12.774451 | O13: =IFERROR(K13*100/E13,0) -> 21.556886 | P13: =IFERROR(L13*100/E13,0) -> 20.958084 | Q13: =IFERROR(M13*E13/100,0) -> 0 | R13: =IFERROR(N13*E13/100,0) -> 256 | S13: =IFERROR(O13*E13/100,0) -> 432 | T13: =IFERROR(P13*E13/100,0) -> 420 | U13: =_xlfn.IFNA(VLOOKUP($C13,QuyDoi_DonVi!$C:$S,6,FALSE),0) -> 0 | V13: =U13*$V$2/100 -> 0 | W13: =U13 -> 0
B14: Cường | C14: F1-191 | D14: Tiệm ăn sáng NQ Lê Thánh Tôn (Trạm Chánh Hưng) | E14: =_xlfn.IFNA(VLOOKUP($C14,SOP_Banh!$C:$X,17,FALSE),"") -> 1830 | F14: =SUM(I14:L14) -> 2514.3636 | G14: =IFERROR(F14*100/E14,0) -> 137.39692 | H14: =G14-100 -> 37.39692 | I14: =_xlfn.IFNA(VLOOKUP($C14,QuyDoi_DonVi!$C:$S,6,FALSE)*$I$2,0) -> 1636.3636 | J14: =_xlfn.IFNA(VLOOKUP($C14,QuyDoi_DonVi!$C:$S,8,FALSE)*$J$2,0) -> 96 | K14: =_xlfn.IFNA(VLOOKUP($C14,QuyDoi_DonVi!$C:$S,9,FALSE),0) -> 432 | L14: =_xlfn.IFNA(VLOOKUP($C14,QuyDoi_DonVi!$C:$S,11,FALSE)*$L$2,0) -> 350 | M14: =IFERROR(I14*100/E14,0) -> 89.418778 | N14: =IFERROR(J14*100/E14,0) -> 5.2459016 | O14: =IFERROR(K14*100/E14,0) -> 23.606557 | P14: =IFERROR(L14*100/E14,0) -> 19.125683 | Q14: =IFERROR(M14*E14/100,0) -> 1636.3636 | R14: =IFERROR(N14*E14/100,0) -> 96 | S14: =IFERROR(O14*E14/100,0) -> 432 | T14: =IFERROR(P14*E14/100,0) -> 350 | U14: =_xlfn.IFNA(VLOOKUP($C14,QuyDoi_DonVi!$C:$S,6,FALSE),0) -> 25 | V14: =U14*$V$2/100 -> 4.5454545 | W14: =U14 -> 25
B15: Cường | C15: F6-145 | D15: Tiệm ăn sáng NQ Lương Đình Của (Trạm Thủ Đức) | E15: =_xlfn.IFNA(VLOOKUP($C15,SOP_Banh!$C:$X,17,FALSE),"") -> 1332 | F15: =SUM(I15:L15) -> 700 | G15: =IFERROR(F15*100/E15,0) -> 52.552553 | H15: =G15-100 -> -47.447447 | I15: =_xlfn.IFNA(VLOOKUP($C15,QuyDoi_DonVi!$C:$S,6,FALSE)*$I$2,0) -> 0 | J15: =_xlfn.IFNA(VLOOKUP($C15,QuyDoi_DonVi!$C:$S,8,FALSE)*$J$2,0) -> 128 | K15: =_xlfn.IFNA(VLOOKUP($C15,QuyDoi_DonVi!$C:$S,9,FALSE),0) -> 432 | L15: =_xlfn.IFNA(VLOOKUP($C15,QuyDoi_DonVi!$C:$S,11,FALSE)*$L$2,0) -> 140 | M15: =IFERROR(I15*100/E15,0) -> 0 | N15: =IFERROR(J15*100/E15,0) -> 9.6096096 | O15: =IFERROR(K15*100/E15,0) -> 32.432432 | P15: =IFERROR(L15*100/E15,0) -> 10.510511 | Q15: =IFERROR(M15*E15/100,0) -> 0 | R15: =IFERROR(N15*E15/100,0) -> 128 | S15: =IFERROR(O15*E15/100,0) -> 432 | T15: =IFERROR(P15*E15/100,0) -> 140 | U15: =_xlfn.IFNA(VLOOKUP($C15,QuyDoi_DonVi!$C:$S,6,FALSE),0) -> 0 | V15: =U15*$V$2/100 -> 0 | W15: =U15 -> 0
... B97: Thế | C97: F5-187 | D97: Tiệm ăn sáng NQ Lê Đại Hành (Trạm SVH) | E97: =_xlfn.IFNA(VLOOKUP($C97,SOP_Banh!$C:$X,17,FALSE),"") -> 762 | F97: =SUM(I97:L97) -> 564 | G97: =IFERROR(F97*100/E97,0) -> 74.015748 | H97: =G97-100 -> -25.984252 | I97: =_xlfn.IFNA(VLOOKUP($C97,QuyDoi_DonVi!$C:$S,6,FALSE)*$I$2,0) -> 0 | J97: =_xlfn.IFNA(VLOOKUP($C97,QuyDoi_DonVi!$C:$S,8,FALSE)*$J$2,0) -> 208 | K97: =_xlfn.IFNA(VLOOKUP($C97,QuyDoi_DonVi!$C:$S,9,FALSE),0) -> 216 | L97: =_xlfn.IFNA(VLOOKUP($C97,QuyDoi_DonVi!$C:$S,11,FALSE)*$L$2,0) -> 140 | M97: =IFERROR(I97*100/E97,0) -> 0 | N97: =IFERROR(J97*100/E97,0) -> 27.296588 | O97: =IFERROR(K97*100/E97,0) -> 28.346457 | P97: =IFERROR(L97*100/E97,0) -> 18.372703 | Q97: =IFERROR(M97*E97/100,0) -> 0 | R97: =IFERROR(N97*E97/100,0) -> 208 | S97: =IFERROR(O97*E97/100,0) -> 216 | T97: =IFERROR(P97*E97/100,0) -> 140 | U97: =_xlfn.IFNA(VLOOKUP($C97,QuyDoi_DonVi!$C:$S,6,FALSE),0) -> 0 | V97: =U97*$V$2/100 -> 0 | W97: =U97 -> 0

Sheet KIỂM TRA
D1: Hiển thị số % nhập thiếu so với SOP bánh. Âm là thiếu, dương là dư. | S1: Sữa bột có đặt là hiển thị số kg đặt | T1: Hiển thị theo số lượng đặt thực tế
A2: Quản lý | B2: Mã NQ | C2: NHƯỢNG QUYỀN | D2: Thịt / Gà/Tôm/BTH (miếng) | E2: Tương Cà (g) | F2: Mayonaise (g) | G2: Dầu ăn | H2: Hộp / Giấy Pita - Hamburger | I2: Túi Giấy Hotdog | J2: Hộp Giấy Sanwich | K2: Pate (g) | L2: Jambong (bịch) | M2: Chà bông (g) | N2: Xúc xích (cây) | O2: Bao | P2: Ly | Q2: màng ép | R2: Ống Hút | S2: Sữa bột (25kg/bịt) | T2: Trà Đen (1kg/bịt) | U2: Đường (12kg/bao) | V2: Bột Kem Sữa Cacao (0.5kg/1bịt) | W2: Nước Ngọt pesi 1.5 lit (chai)
A3: Cường | B3: F1-115 | C3: Tiệm ăn sáng NQ Phước Kiểng 1 (Trạm CH) | D3: =IFERROR(SUM(_xlfn.IFNA(VLOOKUP($B3,Dulieutho,ChiTiet!J$2,FALSE),0),_xlfn.IFNA(VLOOKUP($B3,Dulieutho,ChiTiet!K$2,FALSE),0),_xlfn.IFNA(VLOOKUP($B3,Dulieutho,ChiTiet!AK$2,FALSE),0),_xlfn.IFNA(VLOOKUP($B3,Dulieutho,ChiTiet!AL$2,FALSE),0))*100/_xlfn.IFNA(VLOOKUP($B3,SOP_Banh!$C:$X,7,FALSE),0),0)-100 -> 1.4234875 | E3: =IFERROR(_xlfn.IFNA(VLOOKUP($B3,QuyDoi_DonVi!$C:$S,12,FALSE),0)*100/_xlfn.IFNA(VLOOKUP($B3,SOP_Banh!$C:$X,8,FALSE),0),0)-100 -> -38.83792 | F3: =IFERROR(_xlfn.IFNA(VLOOKUP($B3,QuyDoi_DonVi!$C:$S,13,FALSE),0)*100/_xlfn.IFNA(VLOOKUP($B3,SOP_Banh!$C:$X,9,FALSE),0),0)-100 -> -36.908517 | G3: =IFERROR(_xlfn.IFNA(VLOOKUP($B3,Dulieutho,ChiTiet!Z$2,FALSE),0)*100/_xlfn.IFNA(VLOOKUP($B3,SOP_Banh!$C:$X,10,FALSE),0),0)-100 -> 166.66667 | H3: =IFERROR(SUM(_xlfn.IFNA(VLOOKUP($B3,Dulieutho,ChiTiet!AB$2,FALSE),0),_xlfn.IFNA(VLOOKUP($B3,Dulieutho,ChiTiet!AC$2,FALSE),0))*100/_xlfn.IFNA(VLOOKUP($B3,SOP_Banh!$C:$X,20,FALSE),0)-100,0) -> -46.619217 | I3: =IFERROR(_xlfn.IFNA(VLOOKUP($B3,Dulieutho,ChiTiet!AF$2,FALSE),0)*100/_xlfn.IFNA(VLOOKUP($B3,SOP_Banh!$C:$X,21,FALSE),0)-100,0) -> -100 | J3: =IFERROR(_xlfn.IFNA(VLOOKUP($B3,Dulieutho,ChiTiet!AD$2,FALSE),0)*100/_xlfn.IFNA(VLOOKUP($B3,SOP_Banh!$C:$X,22,FALSE),0)-100,0) -> 38.888889 | K3: =IFERROR(_xlfn.IFNA(VLOOKUP($B3,QuyDoi_DonVi!$C:$S,3,FALSE),0)*100/_xlfn.IFNA(VLOOKUP($B3,SOP_Banh!$C:$X,12,FALSE),0),0)-100 -> -100 | L3: =IFERROR(_xlfn.IFNA(VLOOKUP($B3,QuyDoi_DonVi!$C:$S,5,FALSE),0)*100/(_xlfn.IFNA(VLOOKUP($B3,SOP_Banh!$C:$X,13,FALSE),0)*16)-100,0) -> -11.111111 | M3: =IFERROR(_xlfn.IFNA(VLOOKUP($B3,QuyDoi_DonVi!$C:$S,4,FALSE),0)*100/_xlfn.IFNA(VLOOKUP($B3,SOP_Banh!$C:$X,14,FALSE),0),0)-100 -> 177.77778 | N3: =IFERROR(_xlfn.IFNA(VLOOKUP($B3,Dulieutho,ChiTiet!L$2,FALSE),0)*100/_xlfn.IFNA(VLOOKUP($B3,SOP_Banh!$C:$X,15,FALSE),0),0)-100 -> -23.913043 | O3: =IFERROR(_xlfn.IFNA(VLOOKUP($B3,Dulieutho,ChiTiet!AJ$2,FALSE),0)*192*100/_xlfn.IFNA(VLOOKUP($B3,SOP_Banh!$C:$X,16,FALSE),0)-100,0) -> -47.107438 | P3: =IFERROR(_xlfn.IFNA(VLOOKUP($B3,Dulieutho,ChiTiet!AG$2,FALSE),0)*100/_xlfn.IFNA(VLOOKUP($B3,SOP_Nuoc!$C:$H,3,FALSE),0)-100,0) -> 37.741047 | Q3: =IFERROR(_xlfn.IFNA(VLOOKUP($B3,Dulieutho,ChiTiet!AH$2,FALSE),0)*3600*100/_xlfn.IFNA(VLOOKUP($B3,SOP_Banh!$C:$X,18,FALSE),0)-100,0) -> -100 | R3: =IFERROR(_xlfn.IFNA(VLOOKUP($B3,QuyDoi_DonVi!$C:$S,17,FALSE),0)*100/_xlfn.IFNA(VLOOKUP($B3,SOP_Banh!$C:$X,19,FALSE),0),0)-100 -> 37.741047 | S3: =_xlfn.IFNA(VLOOKUP($B3,SOP_Nuoc!$C:$W,19,FALSE),0) -> 0 | T3: =IF(S3<>0,IFERROR(_xlfn.IFNA(VLOOKUP($B3,QuyDoi_DonVi!$C:$S,7,FALSE),0)*100/_xlfn.IFNA(VLOOKUP($B3,SOP_Nuoc!$C:$W,20,FALSE),0),0)-100,0) -> 0 | U3: =_xlfn.IFNA(VLOOKUP($B3,QuyDoi_DonVi!$C:$S,10,FALSE),0) -> 0 | V3: =_xlfn.IFNA(VLOOKUP($B3,QuyDoi_DonVi!$C:$S,8,FALSE),0) -> 4 | W3: =_xlfn.IFNA(VLOOKUP($B3,Dulieutho,ChiTiet!S$2,FALSE),0) -> 36
A4: Cường | B4: F5-149 | C4: Tiệm ăn sáng NQ Âu Dương Lân (Trạm Chánh Hưng) | D4: =IFERROR(SUM(_xlfn.IFNA(VLOOKUP($B4,Dulieutho,ChiTiet!J$2,FALSE),0),_xlfn.IFNA(VLOOKUP($B4,Dulieutho,ChiTiet!K$2,FALSE),0),_xlfn.IFNA(VLOOKUP($B4,Dulieutho,ChiTiet!AK$2,FALSE),0),_xlfn.IFNA(VLOOKUP($B4,Dulieutho,ChiTiet!AL$2,FALSE),0))*100/_xlfn.IFNA(VLOOKUP($B4,SOP_Banh!$C:$X,7,FALSE),0),0)-100 -> -100 | E4: =IFERROR(_xlfn.IFNA(VLOOKUP($B4,QuyDoi_DonVi!$C:$S,12,FALSE),0)*100/_xlfn.IFNA(VLOOKUP($B4,SOP_Banh!$C:$X,8,FALSE),0),0)-100 -> -100 | F4: =IFERROR(_xlfn.IFNA(VLOOKUP($B4,QuyDoi_DonVi!$C:$S,13,FALSE),0)*100/_xlfn.IFNA(VLOOKUP($B4,SOP_Banh!$C:$X,9,FALSE),0),0)-100 -> -100 | G4: =IFERROR(_xlfn.IFNA(VLOOKUP($B4,Dulieutho,ChiTiet!Z$2,FALSE),0)*100/_xlfn.IFNA(VLOOKUP($B4,SOP_Banh!$C:$X,10,FALSE),0),0)-100 -> -100 | H4: =IFERROR(SUM(_xlfn.IFNA(VLOOKUP($B4,Dulieutho,ChiTiet!AB$2,FALSE),0),_xlfn.IFNA(VLOOKUP($B4,Dulieutho,ChiTiet!AC$2,FALSE),0))*100/_xlfn.IFNA(VLOOKUP($B4,SOP_Banh!$C:$X,20,FALSE),0)-100,0) -> 0 | I4: =IFERROR(_xlfn.IFNA(VLOOKUP($B4,Dulieutho,ChiTiet!AF$2,FALSE),0)*100/_xlfn.IFNA(VLOOKUP($B4,SOP_Banh!$C:$X,21,FALSE),0)-100,0) -> 0 | J4: =IFERROR(_xlfn.IFNA(VLOOKUP($B4,Dulieutho,ChiTiet!AD$2,FALSE),0)*100/_xlfn.IFNA(VLOOKUP($B4,SOP_Banh!$C:$X,22,FALSE),0)-100,0) -> 0 | K4: =IFERROR(_xlfn.IFNA(VLOOKUP($B4,QuyDoi_DonVi!$C:$S,3,FALSE),0)*100/_xlfn.IFNA(VLOOKUP($B4,SOP_Banh!$C:$X,12,FALSE),0),0)-100 -> -100 | L4: =IFERROR(_xlfn.IFNA(VLOOKUP($B4,QuyDoi_DonVi!$C:$S,5,FALSE),0)*100/(_xlfn.IFNA(VLOOKUP($B4,SOP_Banh!$C:$X,13,FALSE),0)*16)-100,0) -> 0 | M4: =IFERROR(_xlfn.IFNA(VLOOKUP($B4,QuyDoi_DonVi!$C:$S,4,FALSE),0)*100/_xlfn.IFNA(VLOOKUP($B4,SOP_Banh!$C:$X,14,FALSE),0),0)-100 -> -100 | N4: =IFERROR(_xlfn.IFNA(VLOOKUP($B4,Dulieutho,ChiTiet!L$2,FALSE),0)*100/_xlfn.IFNA(VLOOKUP($B4,SOP_Banh!$C:$X,15,FALSE),0),0)-100 -> -100 | O4: =IFERROR(_xlfn.IFNA(VLOOKUP($B4,Dulieutho,ChiTiet!AJ$2,FALSE),0)*192*100/_xlfn.IFNA(VLOOKUP($B4,SOP_Banh!$C:$X,16,FALSE),0)-100,0) -> 0 | P4: =IFERROR(_xlfn.IFNA(VLOOKUP($B4,Dulieutho,ChiTiet!AG$2,FALSE),0)*100/_xlfn.IFNA(VLOOKUP($B4,SOP_Nuoc!$C:$H,3,FALSE),0)-100,0) -> 0 | Q4: =IFERROR(_xlfn.IFNA(VLOOKUP($B4,Dulieutho,ChiTiet!AH$2,FALSE),0)*3600*100/_xlfn.IFNA(VLOOKUP($B4,SOP_Banh!$C:$X,18,FALSE),0)-100,0) -> 0 | R4: =IFERROR(_xlfn.IFNA(VLOOKUP($B4,QuyDoi_DonVi!$C:$S,17,FALSE),0)*100/_xlfn.IFNA(VLOOKUP($B4,SOP_Banh!$C:$X,19,FALSE),0),0)-100 -> -100 | S4: =_xlfn.IFNA(VLOOKUP($B4,SOP_Nuoc!$C:$W,19,FALSE),0) -> 0 | T4: =IF(S4<>0,IFERROR(_xlfn.IFNA(VLOOKUP($B4,QuyDoi_DonVi!$C:$S,7,FALSE),0)*100/_xlfn.IFNA(VLOOKUP($B4,SOP_Nuoc!$C:$W,20,FALSE),0),0)-100,0) -> 0 | U4: =_xlfn.IFNA(VLOOKUP($B4,QuyDoi_DonVi!$C:$S,10,FALSE),0) -> 0 | V4: =_xlfn.IFNA(VLOOKUP($B4,QuyDoi_DonVi!$C:$S,8,FALSE),0) -> 0 | W4: =_xlfn.IFNA(VLOOKUP($B4,Dulieutho,ChiTiet!S$2,FALSE),0) -> 0
A5: Cường | B5: F6-260 | C5: Tiệm ăn sáng NQ Cô Giang 1 (Trạm SVH) | D5: =IFERROR(SUM(_xlfn.IFNA(VLOOKUP($B5,Dulieutho,ChiTiet!J$2,FALSE),0),_xlfn.IFNA(VLOOKUP($B5,Dulieutho,ChiTiet!K$2,FALSE),0),_xlfn.IFNA(VLOOKUP($B5,Dulieutho,ChiTiet!AK$2,FALSE),0),_xlfn.IFNA(VLOOKUP($B5,Dulieutho,ChiTiet!AL$2,FALSE),0))*100/_xlfn.IFNA(VLOOKUP($B5,SOP_Banh!$C:$X,7,FALSE),0),0)-100 -> -100 | E5: =IFERROR(_xlfn.IFNA(VLOOKUP($B5,QuyDoi_DonVi!$C:$S,12,FALSE),0)*100/_xlfn.IFNA(VLOOKUP($B5,SOP_Banh!$C:$X,8,FALSE),0),0)-100 -> 41.342756 | F5: =IFERROR(_xlfn.IFNA(VLOOKUP($B5,QuyDoi_DonVi!$C:$S,13,FALSE),0)*100/_xlfn.IFNA(VLOOKUP($B5,SOP_Banh!$C:$X,9,FALSE),0),0)-100 -> 370.58824 | G5: =IFERROR(_xlfn.IFNA(VLOOKUP($B5,Dulieutho,ChiTiet!Z$2,FALSE),0)*100/_xlfn.IFNA(VLOOKUP($B5,SOP_Banh!$C:$X,10,FALSE),0),0)-100 -> -100 | H5: =IFERROR(SUM(_xlfn.IFNA(VLOOKUP($B5,Dulieutho,ChiTiet!AB$2,FALSE),0),_xlfn.IFNA(VLOOKUP($B5,Dulieutho,ChiTiet!AC$2,FALSE),0))*100/_xlfn.IFNA(VLOOKUP($B5,SOP_Banh!$C:$X,20,FALSE),0)-100,0) -> -100 | I5: =IFERROR(_xlfn.IFNA(VLOOKUP($B5,Dulieutho,ChiTiet!AF$2,FALSE),0)*100/_xlfn.IFNA(VLOOKUP($B5,SOP_Banh!$C:$X,21,FALSE),0)-100,0) -> -100 | J5: =IFERROR(_xlfn.IFNA(VLOOKUP($B5,Dulieutho,ChiTiet!AD$2,FALSE),0)*100/_xlfn.IFNA(VLOOKUP($B5,SOP_Banh!$C:$X,22,FALSE),0)-100,0) -> 0 | K5: =IFERROR(_xlfn.IFNA(VLOOKUP($B5,QuyDoi_DonVi!$C:$S,3,FALSE),0)*100/_xlfn.IFNA(VLOOKUP($B5,SOP_Banh!$C:$X,12,FALSE),0),0)-100 -> -100 | L5: =IFERROR(_xlfn.IFNA(VLOOKUP($B5,QuyDoi_DonVi!$C:$S,5,FALSE),0)*100/(_xlfn.IFNA(VLOOKUP($B5,SOP_Banh!$C:$X,13,FALSE),0)*16)-100,0) -> 0 | M5: =IFERROR(_xlfn.IFNA(VLOOKUP($B5,QuyDoi_DonVi!$C:$S,4,FALSE),0)*100/_xlfn.IFNA(VLOOKUP($B5,SOP_Banh!$C:$X,14,FALSE),0),0)-100 -> -100 | N5: =IFERROR(_xlfn.IFNA(VLOOKUP($B5,Dulieutho,ChiTiet!L$2,FALSE),0)*100/_xlfn.IFNA(VLOOKUP($B5,SOP_Banh!$C:$X,15,FALSE),0),0)-100 -> -100 | O5: =IFERROR(_xlfn.IFNA(VLOOKUP($B5,Dulieutho,ChiTiet!AJ$2,FALSE),0)*192*100/_xlfn.IFNA(VLOOKUP($B5,SOP_Banh!$C:$X,16,FALSE),0)-100,0) -> 137.45583 | P5: =IFERROR(_xlfn.IFNA(VLOOKUP($B5,Dulieutho,ChiTiet!AG$2,FALSE),0)*100/_xlfn.IFNA(VLOOKUP($B5,SOP_Nuoc!$C:$H,3,FALSE),0)-100,0) -> -100 | Q5: =IFERROR(_xlfn.IFNA(VLOOKUP($B5,Dulieutho,ChiTiet!AH$2,FALSE),0)*3600*100/_xlfn.IFNA(VLOOKUP($B5,SOP_Banh!$C:$X,18,FALSE),0)-100,0) -> -100 | R5: =IFERROR(_xlfn.IFNA(VLOOKUP($B5,QuyDoi_DonVi!$C:$S,17,FALSE),0)*100/_xlfn.IFNA(VLOOKUP($B5,SOP_Banh!$C:$X,19,FALSE),0),0)-100 -> -100 | S5: =_xlfn.IFNA(VLOOKUP($B5,SOP_Nuoc!$C:$W,19,FALSE),0) -> 0 | T5: =IF(S5<>0,IFERROR(_xlfn.IFNA(VLOOKUP($B5,QuyDoi_DonVi!$C:$S,7,FALSE),0)*100/_xlfn.IFNA(VLOOKUP($B5,SOP_Nuoc!$C:$W,20,FALSE),0),0)-100,0) -> 0 | U5: =_xlfn.IFNA(VLOOKUP($B5,QuyDoi_DonVi!$C:$S,10,FALSE),0) -> 0 | V5: =_xlfn.IFNA(VLOOKUP($B5,QuyDoi_DonVi!$C:$S,8,FALSE),0) -> 21 | W5: =_xlfn.IFNA(VLOOKUP($B5,Dulieutho,ChiTiet!S$2,FALSE),0) -> 0
A6: Cường | B6: F3-041 | C6: Tiệm ăn sáng NQ Đinh Tiên Hoàng (Trạm SVH) | D6: =IFERROR(SUM(_xlfn.IFNA(VLOOKUP($B6,Dulieutho,ChiTiet!J$2,FALSE),0),_xlfn.IFNA(VLOOKUP($B6,Dulieutho,ChiTiet!K$2,FALSE),0),_xlfn.IFNA(VLOOKUP($B6,Dulieutho,ChiTiet!AK$2,FALSE),0),_xlfn.IFNA(VLOOKUP($B6,Dulieutho,ChiTiet!AL$2,FALSE),0))*100/_xlfn.IFNA(VLOOKUP($B6,SOP_Banh!$C:$X,7,FALSE),0),0)-100 -> -100 | E6: =IFERROR(_xlfn.IFNA(VLOOKUP($B6,QuyDoi_DonVi!$C:$S,12,FALSE),0)*100/_xlfn.IFNA(VLOOKUP($B6,SOP_Banh!$C:$X,8,FALSE),0),0)-100 -> -100 | F6: =IFERROR(_xlfn.IFNA(VLOOKUP($B6,QuyDoi_DonVi!$C:$S,13,FALSE),0)*100/_xlfn.IFNA(VLOOKUP($B6,SOP_Banh!$C:$X,9,FALSE),0),0)-100 -> -100 | G6: =IFERROR(_xlfn.IFNA(VLOOKUP($B6,Dulieutho,ChiTiet!Z$2,FALSE),0)*100/_xlfn.IFNA(VLOOKUP($B6,SOP_Banh!$C:$X,10,FALSE),0),0)-100 -> -100 | H6: =IFERROR(SUM(_xlfn.IFNA(VLOOKUP($B6,Dulieutho,ChiTiet!AB$2,FALSE),0),_xlfn.IFNA(VLOOKUP($B6,Dulieutho,ChiTiet!AC$2,FALSE),0))*100/_xlfn.IFNA(VLOOKUP($B6,SOP_Banh!$C:$X,20,FALSE),0)-100,0) -> 0 | I6: =IFERROR(_xlfn.IFNA(VLOOKUP($B6,Dulieutho,ChiTiet!AF$2,FALSE),0)*100/_xlfn.IFNA(VLOOKUP($B6,SOP_Banh!$C:$X,21,FALSE),0)-100,0) -> 0 | J6: =IFERROR(_xlfn.IFNA(VLOOKUP($B6,Dulieutho,ChiTiet!AD$2,FALSE),0)*100/_xlfn.IFNA(VLOOKUP($B6,SOP_Banh!$C:$X,22,FALSE),0)-100,0) -> 0 | K6: =IFERROR(_xlfn.IFNA(VLOOKUP($B6,QuyDoi_DonVi!$C:$S,3,FALSE),0)*100/_xlfn.IFNA(VLOOKUP($B6,SOP_Banh!$C:$X,12,FALSE),0),0)-100 -> -100 | L6: =IFERROR(_xlfn.IFNA(VLOOKUP($B6,QuyDoi_DonVi!$C:$S,5,FALSE),0)*100/(_xlfn.IFNA(VLOOKUP($B6,SOP_Banh!$C:$X,13,FALSE),0)*16)-100,0) -> 0 | M6: =IFERROR(_xlfn.IFNA(VLOOKUP($B6,QuyDoi_DonVi!$C:$S,4,FALSE),0)*100/_xlfn.IFNA(VLOOKUP($B6,SOP_Banh!$C:$X,14,FALSE),0),0)-100 -> -100 | N6: =IFERROR(_xlfn.IFNA(VLOOKUP($B6,Dulieutho,ChiTiet!L$2,FALSE),0)*100/_xlfn.IFNA(VLOOKUP($B6,SOP_Banh!$C:$X,15,FALSE),0),0)-100 -> -100 | O6: =IFERROR(_xlfn.IFNA(VLOOKUP($B6,Dulieutho,ChiTiet!AJ$2,FALSE),0)*192*100/_xlfn.IFNA(VLOOKUP($B6,SOP_Banh!$C:$X,16,FALSE),0)-100,0) -> 0 | P6: =IFERROR(_xlfn.IFNA(VLOOKUP($B6,Dulieutho,ChiTiet!AG$2,FALSE),0)*100/_xlfn.IFNA(VLOOKUP($B6,SOP_Nuoc!$C:$H,3,FALSE),0)-100,0) -> 0 | Q6: =IFERROR(_xlfn.IFNA(VLOOKUP($B6,Dulieutho,ChiTiet!AH$2,FALSE),0)*3600*100/_xlfn.IFNA(VLOOKUP($B6,SOP_Banh!$C:$X,18,FALSE),0)-100,0) -> 0 | R6: =IFERROR(_xlfn.IFNA(VLOOKUP($B6,QuyDoi_DonVi!$C:$S,17,FALSE),0)*100/_xlfn.IFNA(VLOOKUP($B6,SOP_Banh!$C:$X,19,FALSE),0),0)-100 -> -100 | S6: =_xlfn.IFNA(VLOOKUP($B6,SOP_Nuoc!$C:$W,19,FALSE),0) -> 0 | T6: =IF(S6<>0,IFERROR(_xlfn.IFNA(VLOOKUP($B6,QuyDoi_DonVi!$C:$S,7,FALSE),0)*100/_xlfn.IFNA(VLOOKUP($B6,SOP_Nuoc!$C:$W,20,FALSE),0),0)-100,0) -> 0 | U6: =_xlfn.IFNA(VLOOKUP($B6,QuyDoi_DonVi!$C:$S,10,FALSE),0) -> 0 | V6: =_xlfn.IFNA(VLOOKUP($B6,QuyDoi_DonVi!$C:$S,8,FALSE),0) -> 0 | W6: =_xlfn.IFNA(VLOOKUP($B6,Dulieutho,ChiTiet!S$2,FALSE),0) -> 0
A7: Cường | B7: F5-096 | C7: Tiệm ăn sáng NQ Đồng Nai (Trạm SVH) | D7: =IFERROR(SUM(_xlfn.IFNA(VLOOKUP($B7,Dulieutho,ChiTiet!J$2,FALSE),0),_xlfn.IFNA(VLOOKUP($B7,Dulieutho,ChiTiet!K$2,FALSE),0),_xlfn.IFNA(VLOOKUP($B7,Dulieutho,ChiTiet!AK$2,FALSE),0),_xlfn.IFNA(VLOOKUP($B7,Dulieutho,ChiTiet!AL$2,FALSE),0))*100/_xlfn.IFNA(VLOOKUP($B7,SOP_Banh!$C:$X,7,FALSE),0),0)-100 -> -2.2206304 | E7: =IFERROR(_xlfn.IFNA(VLOOKUP($B7,QuyDoi_DonVi!$C:$S,12,FALSE),0)*100/_xlfn.IFNA(VLOOKUP($B7,SOP_Banh!$C:$X,8,FALSE),0),0)-100 -> 36.239782 | F7: =IFERROR(_xlfn.IFNA(VLOOKUP($B7,QuyDoi_DonVi!$C:$S,13,FALSE),0)*100/_xlfn.IFNA(VLOOKUP($B7,SOP_Banh!$C:$X,9,FALSE),0),0)-100 -> -32.705249 | G7: =IFERROR(_xlfn.IFNA(VLOOKUP($B7,Dulieutho,ChiTiet!Z$2,FALSE),0)*100/_xlfn.IFNA(VLOOKUP($B7,SOP_Banh!$C:$X,10,FALSE),0),0)-100 -> 27.363184 | H7: =IFERROR(SUM(_xlfn.IFNA(VLOOKUP($B7,Dulieutho,ChiTiet!AB$2,FALSE),0),_xlfn.IFNA(VLOOKUP($B7,Dulieutho,ChiTiet!AC$2,FALSE),0))*100/_xlfn.IFNA(VLOOKUP($B7,SOP_Banh!$C:$X,20,FALSE),0)-100,0) -> -24.7851 | I7: =IFERROR(_xlfn.IFNA(VLOOKUP($B7,Dulieutho,ChiTiet!AF$2,FALSE),0)*100/_xlfn.IFNA(VLOOKUP($B7,SOP_Banh!$C:$X,21,FALSE),0)-100,0) -> -30.555556 | J7: =IFERROR(_xlfn.IFNA(VLOOKUP($B7,Dulieutho,ChiTiet!AD$2,FALSE),0)*100/_xlfn.IFNA(VLOOKUP($B7,SOP_Banh!$C:$X,22,FALSE),0)-100,0) -> -44.444444 | K7: =IFERROR(_xlfn.IFNA(VLOOKUP($B7,QuyDoi_DonVi!$C:$S,3,FALSE),0)*100/_xlfn.IFNA(VLOOKUP($B7,SOP_Banh!$C:$X,12,FALSE),0),0)-100 -> 11.111111 | L7: =IFERROR(_xlfn.IFNA(VLOOKUP($B7,QuyDoi_DonVi!$C:$S,5,FALSE),0)*100/(_xlfn.IFNA(VLOOKUP($B7,SOP_Banh!$C:$X,13,FALSE),0)*16)-100,0) -> -28.888889 | M7: =IFERROR(_xlfn.IFNA(VLOOKUP($B7,QuyDoi_DonVi!$C:$S,4,FALSE),0)*100/_xlfn.IFNA(VLOOKUP($B7,SOP_Banh!$C:$X,14,FALSE),0),0)-100 -> 11.111111 | N7: =IFERROR(_xlfn.IFNA(VLOOKUP($B7,Dulieutho,ChiTiet!L$2,FALSE),0)*100/_xlfn.IFNA(VLOOKUP($B7,SOP_Banh!$C:$X,15,FALSE),0),0)-100 -> 73.611111 | O7: =IFERROR(_xlfn.IFNA(VLOOKUP($B7,Dulieutho,ChiTiet!AJ$2,FALSE),0)*192*100/_xlfn.IFNA(VLOOKUP($B7,SOP_Banh!$C:$X,16,FALSE),0)-100,0) -> -26.05905 | P7: =IFERROR(_xlfn.IFNA(VLOOKUP($B7,Dulieutho,ChiTiet!AG$2,FALSE),0)*100/_xlfn.IFNA(VLOOKUP($B7,SOP_Nuoc!$C:$H,3,FALSE),0)-100,0) -> -3.7227214 | Q7: =IFERROR(_xlfn.IFNA(VLOOKUP($B7,Dulieutho,ChiTiet!AH$2,FALSE),0)*3600*100/_xlfn.IFNA(VLOOKUP($B7,SOP_Banh!$C:$X,18,FALSE),0)-100,0) -> 15.532734 | R7: =IFERROR(_xlfn.IFNA(VLOOKUP($B7,QuyDoi_DonVi!$C:$S,17,FALSE),0)*100/_xlfn.IFNA(VLOOKUP($B7,SOP_Banh!$C:$X,19,FALSE),0),0)-100 -> -3.7227214 | S7: =_xlfn.IFNA(VLOOKUP($B7,SOP_Nuoc!$C:$W,19,FALSE),0) -> 25 | T7: =IF(S7<>0,IFERROR(_xlfn.IFNA(VLOOKUP($B7,QuyDoi_DonVi!$C:$S,7,FALSE),0)*100/_xlfn.IFNA(VLOOKUP($B7,SOP_Nuoc!$C:$W,20,FALSE),0),0)-100,0) -> 76 | U7: =_xlfn.IFNA(VLOOKUP($B7,QuyDoi_DonVi!$C:$S,10,FALSE),0) -> 36 | V7: =_xlfn.IFNA(VLOOKUP($B7,QuyDoi_DonVi!$C:$S,8,FALSE),0) -> 39 | W7: =_xlfn.IFNA(VLOOKUP($B7,Dulieutho,ChiTiet!S$2,FALSE),0) -> 72
A8: Cường | B8: F7-235 | C8: Tiệm ăn sáng NQ Hóc Môn (Trạm Tân Phú) | D8: =IFERROR(SUM(_xlfn.IFNA(VLOOKUP($B8,Dulieutho,ChiTiet!J$2,FALSE),0),_xlfn.IFNA(VLOOKUP($B8,Dulieutho,ChiTiet!K$2,FALSE),0),_xlfn.IFNA(VLOOKUP($B8,Dulieutho,ChiTiet!AK$2,FALSE),0),_xlfn.IFNA(VLOOKUP($B8,Dulieutho,ChiTiet!AL$2,FALSE),0))*100/_xlfn.IFNA(VLOOKUP($B8,SOP_Banh!$C:$X,7,FALSE),0),0)-100 -> 7.5845012 | E8: =IFERROR(_xlfn.IFNA(VLOOKUP($B8,QuyDoi_DonVi!$C:$S,12,FALSE),0)*100/_xlfn.IFNA(VLOOKUP($B8,SOP_Banh!$C:$X,8,FALSE),0),0)-100 -> 5.3423627 | F8: =IFERROR(_xlfn.IFNA(VLOOKUP($B8,QuyDoi_DonVi!$C:$S,13,FALSE),0)*100/_xlfn.IFNA(VLOOKUP($B8,SOP_Banh!$C:$X,9,FALSE),0),0)-100 -> -19.549477 | G8: =IFERROR(_xlfn.IFNA(VLOOKUP($B8,Dulieutho,ChiTiet!Z$2,FALSE),0)*100/_xlfn.IFNA(VLOOKUP($B8,SOP_Banh!$C:$X,10,FALSE),0),0)-100 -> 37.373737 | H8: =IFERROR(SUM(_xlfn.IFNA(VLOOKUP($B8,Dulieutho,ChiTiet!AB$2,FALSE),0),_xlfn.IFNA(VLOOKUP($B8,Dulieutho,ChiTiet!AC$2,FALSE),0))*100/_xlfn.IFNA(VLOOKUP($B8,SOP_Banh!$C:$X,20,FALSE),0)-100,0) -> -27.864798 | I8: =IFERROR(_xlfn.IFNA(VLOOKUP($B8,Dulieutho,ChiTiet!AF$2,FALSE),0)*100/_xlfn.IFNA(VLOOKUP($B8,SOP_Banh!$C:$X,21,FALSE),0)-100,0) -> 29.310345 | J8: =IFERROR(_xlfn.IFNA(VLOOKUP($B8,Dulieutho,ChiTiet!AD$2,FALSE),0)*100/_xlfn.IFNA(VLOOKUP($B8,SOP_Banh!$C:$X,22,FALSE),0)-100,0) -> 66.666667 | K8: =IFERROR(_xlfn.IFNA(VLOOKUP($B8,QuyDoi_DonVi!$C:$S,3,FALSE),0)*100/_xlfn.IFNA(VLOOKUP($B8,SOP_Banh!$C:$X,12,FALSE),0),0)-100 -> 66.666667 | L8: =IFERROR(_xlfn.IFNA(VLOOKUP($B8,QuyDoi_DonVi!$C:$S,5,FALSE),0)*100/(_xlfn.IFNA(VLOOKUP($B8,SOP_Banh!$C:$X,13,FALSE),0)*16)-100,0) -> -46.666667 | M8: =IFERROR(_xlfn.IFNA(VLOOKUP($B8,QuyDoi_DonVi!$C:$S,4,FALSE),0)*100/_xlfn.IFNA(VLOOKUP($B8,SOP_Banh!$C:$X,14,FALSE),0),0)-100 -> 233.33333 | N8: =IFERROR(_xlfn.IFNA(VLOOKUP($B8,Dulieutho,ChiTiet!L$2,FALSE),0)*100/_xlfn.IFNA(VLOOKUP($B8,SOP_Banh!$C:$X,15,FALSE),0),0)-100 -> 529.31034 | O8: =IFERROR(_xlfn.IFNA(VLOOKUP($B8,Dulieutho,ChiTiet!AJ$2,FALSE),0)*192*100/_xlfn.IFNA(VLOOKUP($B8,SOP_Banh!$C:$X,16,FALSE),0)-100,0) -> -29.359823 | P8: =IFERROR(_xlfn.IFNA(VLOOKUP($B8,Dulieutho,ChiTiet!AG$2,FALSE),0)*100/_xlfn.IFNA(VLOOKUP($B8,SOP_Nuoc!$C:$H,3,FALSE),0)-100,0) -> -26.416483 | Q8: =IFERROR(_xlfn.IFNA(VLOOKUP($B8,Dulieutho,ChiTiet!AH$2,FALSE),0)*3600*100/_xlfn.IFNA(VLOOKUP($B8,SOP_Banh!$C:$X,18,FALSE),0)-100,0) -> 32.450331 | R8: =IFERROR(_xlfn.IFNA(VLOOKUP($B8,QuyDoi_DonVi!$C:$S,17,FALSE),0)*100/_xlfn.IFNA(VLOOKUP($B8,SOP_Banh!$C:$X,19,FALSE),0),0)-100 -> -26.416483 | S8: =_xlfn.IFNA(VLOOKUP($B8,SOP_Nuoc!$C:$W,19,FALSE),0) -> 0 | T8: =IF(S8<>0,IFERROR(_xlfn.IFNA(VLOOKUP($B8,QuyDoi_DonVi!$C:$S,7,FALSE),0)*100/_xlfn.IFNA(VLOOKUP($B8,SOP_Nuoc!$C:$W,20,FALSE),0),0)-100,0) -> 0 | U8: =_xlfn.IFNA(VLOOKUP($B8,QuyDoi_DonVi!$C:$S,10,FALSE),0) -> 24 | V8: =_xlfn.IFNA(VLOOKUP($B8,QuyDoi_DonVi!$C:$S,8,FALSE),0) -> 11 | W8: =_xlfn.IFNA(VLOOKUP($B8,Dulieutho,ChiTiet!S$2,FALSE),0) -> 132
A9: Cường | B9: F1-184 | C9: Tiệm ăn sáng NQ Huỳnh Tấn Phát (Trạm Chánh Hưng) | D9: =IFERROR(SUM(_xlfn.IFNA(VLOOKUP($B9,Dulieutho,ChiTiet!J$2,FALSE),0),_xlfn.IFNA(VLOOKUP($B9,Dulieutho,ChiTiet!K$2,FALSE),0),_xlfn.IFNA(VLOOKUP($B9,Dulieutho,ChiTiet!AK$2,FALSE),0),_xlfn.IFNA(VLOOKUP($B9,Dulieutho,ChiTiet!AL$2,FALSE),0))*100/_xlfn.IFNA(VLOOKUP($B9,SOP_Banh!$C:$X,7,FALSE),0),0)-100 -> 9.2964824 | E9: =IFERROR(_xlfn.IFNA(VLOOKUP($B9,QuyDoi_DonVi!$C:$S,12,FALSE),0)*100/_xlfn.IFNA(VLOOKUP($B9,SOP_Banh!$C:$X,8,FALSE),0),0)-100 -> -22.346851 | F9: =IFERROR(_xlfn.IFNA(VLOOKUP($B9,QuyDoi_DonVi!$C:$S,13,FALSE),0)*100/_xlfn.IFNA(VLOOKUP($B9,SOP_Banh!$C:$X,9,FALSE),0),0)-100 -> -17.958067 | G9: =IFERROR(_xlfn.IFNA(VLOOKUP($B9,Dulieutho,ChiTiet!Z$2,FALSE),0)*100/_xlfn.IFNA(VLOOKUP($B9,SOP_Banh!$C:$X,10,FALSE),0),0)-100 -> -67.010309 | H9: =IFERROR(SUM(_xlfn.IFNA(VLOOKUP($B9,Dulieutho,ChiTiet!AB$2,FALSE),0),_xlfn.IFNA(VLOOKUP($B9,Dulieutho,ChiTiet!AC$2,FALSE),0))*100/_xlfn.IFNA(VLOOKUP($B9,SOP_Banh!$C:$X,20,FALSE),0)-100,0) -> -39.698492 | I9: =IFERROR(_xlfn.IFNA(VLOOKUP($B9,Dulieutho,ChiTiet!AF$2,FALSE),0)*100/_xlfn.IFNA(VLOOKUP($B9,SOP_Banh!$C:$X,21,FALSE),0)-100,0) -> 6.7073171 | J9: =IFERROR(_xlfn.IFNA(VLOOKUP($B9,Dulieutho,ChiTiet!AD$2,FALSE),0)*100/_xlfn.IFNA(VLOOKUP($B9,SOP_Banh!$C:$X,22,FALSE),0)-100,0) -> -26.470588 | K9: =IFERROR(_xlfn.IFNA(VLOOKUP($B9,QuyDoi_DonVi!$C:$S,3,FALSE),0)*100/_xlfn.IFNA(VLOOKUP($B9,SOP_Banh!$C:$X,12,FALSE),0),0)-100 -> -75.490196 | L9: =IFERROR(_xlfn.IFNA(VLOOKUP($B9,QuyDoi_DonVi!$C:$S,5,FALSE),0)*100/(_xlfn.IFNA(VLOOKUP($B9,SOP_Banh!$C:$X,13,FALSE),0)*16)-100,0) -> -37.254902 | M9: =IFERROR(_xlfn.IFNA(VLOOKUP($B9,QuyDoi_DonVi!$C:$S,4,FALSE),0)*100/_xlfn.IFNA(VLOOKUP($B9,SOP_Banh!$C:$X,14,FALSE),0),0)-100 -> -50.980392 | N9: =IFERROR(_xlfn.IFNA(VLOOKUP($B9,Dulieutho,ChiTiet!L$2,FALSE),0)*100/_xlfn.IFNA(VLOOKUP($B9,SOP_Banh!$C:$X,15,FALSE),0),0)-100 -> -39.02439 | O9: =IFERROR(_xlfn.IFNA(VLOOKUP($B9,Dulieutho,ChiTiet!AJ$2,FALSE),0)*192*100/_xlfn.IFNA(VLOOKUP($B9,SOP_Banh!$C:$X,16,FALSE),0)-100,0) -> -12.450436 | P9: =IFERROR(_xlfn.IFNA(VLOOKUP($B9,Dulieutho,ChiTiet!AG$2,FALSE),0)*100/_xlfn.IFNA(VLOOKUP($B9,SOP_Nuoc!$C:$H,3,FALSE),0)-100,0) -> -0.87232355 | Q9: =IFERROR(_xlfn.IFNA(VLOOKUP($B9,Dulieutho,ChiTiet!AH$2,FALSE),0)*3600*100/_xlfn.IFNA(VLOOKUP($B9,SOP_Banh!$C:$X,18,FALSE),0)-100,0) -> -28.628073 | R9: =IFERROR(_xlfn.IFNA(VLOOKUP($B9,QuyDoi_DonVi!$C:$S,17,FALSE),0)*100/_xlfn.IFNA(VLOOKUP($B9,SOP_Banh!$C:$X,19,FALSE),0),0)-100 -> -0.87232355 | S9: =_xlfn.IFNA(VLOOKUP($B9,SOP_Nuoc!$C:$W,19,FALSE),0) -> 25 | T9: =IF(S9<>0,IFERROR(_xlfn.IFNA(VLOOKUP($B9,QuyDoi_DonVi!$C:$S,7,FALSE),0)*100/_xlfn.IFNA(VLOOKUP($B9,SOP_Nuoc!$C:$W,20,FALSE),0),0)-100,0) -> -34 | U9: =_xlfn.IFNA(VLOOKUP($B9,QuyDoi_DonVi!$C:$S,10,FALSE),0) -> 12 | V9: =_xlfn.IFNA(VLOOKUP($B9,QuyDoi_DonVi!$C:$S,8,FALSE),0) -> 32 | W9: =_xlfn.IFNA(VLOOKUP($B9,Dulieutho,ChiTiet!S$2,FALSE),0) -> 156
A10: Cường | B10: F2-036 | C10: Tiệm ăn sáng NQ Huỳnh Tịnh Của (Trạm SVH) | D10: =IFERROR(SUM(_xlfn.IFNA(VLOOKUP($B10,Dulieutho,ChiTiet!J$2,FALSE),0),_xlfn.IFNA(VLOOKUP($B10,Dulieutho,ChiTiet!K$2,FALSE),0),_xlfn.IFNA(VLOOKUP($B10,Dulieutho,ChiTiet!AK$2,FALSE),0),_xlfn.IFNA(VLOOKUP($B10,Dulieutho,ChiTiet!AL$2,FALSE),0))*100/_xlfn.IFNA(VLOOKUP($B10,SOP_Banh!$C:$X,7,FALSE),0),0)-100 -> 5.513308 | E10: =IFERROR(_xlfn.IFNA(VLOOKUP($B10,QuyDoi_DonVi!$C:$S,12,FALSE),0)*100/_xlfn.IFNA(VLOOKUP($B10,SOP_Banh!$C:$X,8,FALSE),0),0)-100 -> 69.491525 | F10: =IFERROR(_xlfn.IFNA(VLOOKUP($B10,QuyDoi_DonVi!$C:$S,13,FALSE),0)*100/_xlfn.IFNA(VLOOKUP($B10,SOP_Banh!$C:$X,9,FALSE),0),0)-100 -> 16.851169 | G10: =IFERROR(_xlfn.IFNA(VLOOKUP($B10,Dulieutho,ChiTiet!Z$2,FALSE),0)*100/_xlfn.IFNA(VLOOKUP($B10,SOP_Banh!$C:$X,10,FALSE),0),0)-100 -> 0.9009009 | H10: =IFERROR(SUM(_xlfn.IFNA(VLOOKUP($B10,Dulieutho,ChiTiet!AB$2,FALSE),0),_xlfn.IFNA(VLOOKUP($B10,Dulieutho,ChiTiet!AC$2,FALSE),0))*100/_xlfn.IFNA(VLOOKUP($B10,SOP_Banh!$C:$X,20,FALSE),0)-100,0) -> -47.718631 | I10: =IFERROR(_xlfn.IFNA(VLOOKUP($B10,Dulieutho,ChiTiet!AF$2,FALSE),0)*100/_xlfn.IFNA(VLOOKUP($B10,SOP_Banh!$C:$X,21,FALSE),0)-100,0) -> 35.135135 | J10: =IFERROR(_xlfn.IFNA(VLOOKUP($B10,Dulieutho,ChiTiet!AD$2,FALSE),0)*100/_xlfn.IFNA(VLOOKUP($B10,SOP_Banh!$C:$X,22,FALSE),0)-100,0) -> 108.33333 | K10: =IFERROR(_xlfn.IFNA(VLOOKUP($B10,QuyDoi_DonVi!$C:$S,3,FALSE),0)*100/_xlfn.IFNA(VLOOKUP($B10,SOP_Banh!$C:$X,12,FALSE),0),0)-100 -> -100 | L10: =IFERROR(_xlfn.IFNA(VLOOKUP($B10,QuyDoi_DonVi!$C:$S,5,FALSE),0)*100/(_xlfn.IFNA(VLOOKUP($B10,SOP_Banh!$C:$X,13,FALSE),0)*16)-100,0) -> 33.333333 | M10: =IFERROR(_xlfn.IFNA(VLOOKUP($B10,QuyDoi_DonVi!$C:$S,4,FALSE),0)*100/_xlfn.IFNA(VLOOKUP($B10,SOP_Banh!$C:$X,14,FALSE),0),0)-100 -> -100 | N10: =IFERROR(_xlfn.IFNA(VLOOKUP($B10,Dulieutho,ChiTiet!L$2,FALSE),0)*100/_xlfn.IFNA(VLOOKUP($B10,SOP_Banh!$C:$X,15,FALSE),0),0)-100 -> 8.1081081 | O10: =IFERROR(_xlfn.IFNA(VLOOKUP($B10,Dulieutho,ChiTiet!AJ$2,FALSE),0)*192*100/_xlfn.IFNA(VLOOKUP($B10,SOP_Banh!$C:$X,16,FALSE),0)-100,0) -> -4 | P10: =IFERROR(_xlfn.IFNA(VLOOKUP($B10,Dulieutho,ChiTiet!AG$2,FALSE),0)*100/_xlfn.IFNA(VLOOKUP($B10,SOP_Nuoc!$C:$H,3,FALSE),0)-100,0) -> -11.764706 | Q10: =IFERROR(_xlfn.IFNA(VLOOKUP($B10,Dulieutho,ChiTiet!AH$2,FALSE),0)*3600*100/_xlfn.IFNA(VLOOKUP($B10,SOP_Banh!$C:$X,18,FALSE),0)-100,0) -> 5.8823529 | R10: =IFERROR(_xlfn.IFNA(VLOOKUP($B10,QuyDoi_DonVi!$C:$S,17,FALSE),0)*100/_xlfn.IFNA(VLOOKUP($B10,SOP_Banh!$C:$X,19,FALSE),0),0)-100 -> -11.764706 | S10: =_xlfn.IFNA(VLOOKUP($B10,SOP_Nuoc!$C:$W,19,FALSE),0) -> 50 | T10: =IF(S10<>0,IFERROR(_xlfn.IFNA(VLOOKUP($B10,QuyDoi_DonVi!$C:$S,7,FALSE),0)*100/_xlfn.IFNA(VLOOKUP($B10,SOP_Nuoc!$C:$W,20,FALSE),0),0)-100,0) -> -34 | U10: =_xlfn.IFNA(VLOOKUP($B10,QuyDoi_DonVi!$C:$S,10,FALSE),0) -> 36 | V10: =_xlfn.IFNA(VLOOKUP($B10,QuyDoi_DonVi!$C:$S,8,FALSE),0) -> 21.5 | W10: =_xlfn.IFNA(VLOOKUP($B10,Dulieutho,ChiTiet!S$2,FALSE),0) -> 60
A11: Cường | B11: F6-071 | C11: Tiệm ăn sáng NQ Kỳ Đồng (Trạm SVH) | D11: =IFERROR(SUM(_xlfn.IFNA(VLOOKUP($B11,Dulieutho,ChiTiet!J$2,FALSE),0),_xlfn.IFNA(VLOOKUP($B11,Dulieutho,ChiTiet!K$2,FALSE),0),_xlfn.IFNA(VLOOKUP($B11,Dulieutho,ChiTiet!AK$2,FALSE),0),_xlfn.IFNA(VLOOKUP($B11,Dulieutho,ChiTiet!AL$2,FALSE),0))*100/_xlfn.IFNA(VLOOKUP($B11,SOP_Banh!$C:$X,7,FALSE),0),0)-100 -> 30.289532 | E11: =IFERROR(_xlfn.IFNA(VLOOKUP($B11,QuyDoi_DonVi!$C:$S,12,FALSE),0)*100/_xlfn.IFNA(VLOOKUP($B11,SOP_Banh!$C:$X,8,FALSE),0),0)-100 -> 93.423598 | F11: =IFERROR(_xlfn.IFNA(VLOOKUP($B11,QuyDoi_DonVi!$C:$S,13,FALSE),0)*100/_xlfn.IFNA(VLOOKUP($B11,SOP_Banh!$C:$X,9,FALSE),0),0)-100 -> 74.757282 | G11: =IFERROR(_xlfn.IFNA(VLOOKUP($B11,Dulieutho,ChiTiet!Z$2,FALSE),0)*100/_xlfn.IFNA(VLOOKUP($B11,SOP_Banh!$C:$X,10,FALSE),0),0)-100 -> 42.222222 | H11: =IFERROR(SUM(_xlfn.IFNA(VLOOKUP($B11,Dulieutho,ChiTiet!AB$2,FALSE),0),_xlfn.IFNA(VLOOKUP($B11,Dulieutho,ChiTiet!AC$2,FALSE),0))*100/_xlfn.IFNA(VLOOKUP($B11,SOP_Banh!$C:$X,20,FALSE),0)-100,0) -> -27.616927 | I11: =IFERROR(_xlfn.IFNA(VLOOKUP($B11,Dulieutho,ChiTiet!AF$2,FALSE),0)*100/_xlfn.IFNA(VLOOKUP($B11,SOP_Banh!$C:$X,21,FALSE),0)-100,0) -> -26.470588 | J11: =IFERROR(_xlfn.IFNA(VLOOKUP($B11,Dulieutho,ChiTiet!AD$2,FALSE),0)*100/_xlfn.IFNA(VLOOKUP($B11,SOP_Banh!$C:$X,22,FALSE),0)-100,0) -> -24.242424 | K11: =IFERROR(_xlfn.IFNA(VLOOKUP($B11,QuyDoi_DonVi!$C:$S,3,FALSE),0)*100/_xlfn.IFNA(VLOOKUP($B11,SOP_Banh!$C:$X,12,FALSE),0),0)-100 -> -24.242424 | L11: =IFERROR(_xlfn.IFNA(VLOOKUP($B11,QuyDoi_DonVi!$C:$S,5,FALSE),0)*100/(_xlfn.IFNA(VLOOKUP($B11,SOP_Banh!$C:$X,13,FALSE),0)*16)-100,0) -> -51.515152 | M11: =IFERROR(_xlfn.IFNA(VLOOKUP($B11,QuyDoi_DonVi!$C:$S,4,FALSE),0)*100/_xlfn.IFNA(VLOOKUP($B11,SOP_Banh!$C:$X,14,FALSE),0),0)-100 -> 203.0303 | N11: =IFERROR(_xlfn.IFNA(VLOOKUP($B11,Dulieutho,ChiTiet!L$2,FALSE),0)*100/_xlfn.IFNA(VLOOKUP($B11,SOP_Banh!$C:$X,15,FALSE),0),0)-100 -> -11.764706 | O11: =IFERROR(_xlfn.IFNA(VLOOKUP($B11,Dulieutho,ChiTiet!AJ$2,FALSE),0)*192*100/_xlfn.IFNA(VLOOKUP($B11,SOP_Banh!$C:$X,16,FALSE),0)-100,0) -> -17.667238 | P11: =IFERROR(_xlfn.IFNA(VLOOKUP($B11,Dulieutho,ChiTiet!AG$2,FALSE),0)*100/_xlfn.IFNA(VLOOKUP($B11,SOP_Nuoc!$C:$H,3,FALSE),0)-100,0) -> -14.236707 | Q11: =IFERROR(_xlfn.IFNA(VLOOKUP($B11,Dulieutho,ChiTiet!AH$2,FALSE),0)*3600*100/_xlfn.IFNA(VLOOKUP($B11,SOP_Banh!$C:$X,18,FALSE),0)-100,0) -> 208.74786 | R11: =IFERROR(_xlfn.IFNA(VLOOKUP($B11,QuyDoi_DonVi!$C:$S,17,FALSE),0)*100/_xlfn.IFNA(VLOOKUP($B11,SOP_Banh!$C:$X,19,FALSE),0),0)-100 -> -14.236707 | S11: =_xlfn.IFNA(VLOOKUP($B11,SOP_Nuoc!$C:$W,19,FALSE),0) -> 0 | T11: =IF(S11<>0,IFERROR(_xlfn.IFNA(VLOOKUP($B11,QuyDoi_DonVi!$C:$S,7,FALSE),0)*100/_xlfn.IFNA(VLOOKUP($B11,SOP_Nuoc!$C:$W,20,FALSE),0),0)-100,0) -> 0 | U11: =_xlfn.IFNA(VLOOKUP($B11,QuyDoi_DonVi!$C:$S,10,FALSE),0) -> 0 | V11: =_xlfn.IFNA(VLOOKUP($B11,QuyDoi_DonVi!$C:$S,8,FALSE),0) -> 8.5 | W11: =_xlfn.IFNA(VLOOKUP($B11,Dulieutho,ChiTiet!S$2,FALSE),0) -> 24
A12: Cường | B12: F1-215 | C12: Tiệm ăn sáng NQ Lâm Văn Bền (Trạm Chánh Hưng) | D12: =IFERROR(SUM(_xlfn.IFNA(VLOOKUP($B12,Dulieutho,ChiTiet!J$2,FALSE),0),_xlfn.IFNA(VLOOKUP($B12,Dulieutho,ChiTiet!K$2,FALSE),0),_xlfn.IFNA(VLOOKUP($B12,Dulieutho,ChiTiet!AK$2,FALSE),0),_xlfn.IFNA(VLOOKUP($B12,Dulieutho,ChiTiet!AL$2,FALSE),0))*100/_xlfn.IFNA(VLOOKUP($B12,SOP_Banh!$C:$X,7,FALSE),0),0)-100 -> -100 | E12: =IFERROR(_xlfn.IFNA(VLOOKUP($B12,QuyDoi_DonVi!$C:$S,12,FALSE),0)*100/_xlfn.IFNA(VLOOKUP($B12,SOP_Banh!$C:$X,8,FALSE),0),0)-100 -> 96.078431 | F12: =IFERROR(_xlfn.IFNA(VLOOKUP($B12,QuyDoi_DonVi!$C:$S,13,FALSE),0)*100/_xlfn.IFNA(VLOOKUP($B12,SOP_Banh!$C:$X,9,FALSE),0),0)-100 -> 41.6122 | G12: =IFERROR(_xlfn.IFNA(VLOOKUP($B12,Dulieutho,ChiTiet!Z$2,FALSE),0)*100/_xlfn.IFNA(VLOOKUP($B12,SOP_Banh!$C:$X,10,FALSE),0),0)-100 -> -100 | H12: =IFERROR(SUM(_xlfn.IFNA(VLOOKUP($B12,Dulieutho,ChiTiet!AB$2,FALSE),0),_xlfn.IFNA(VLOOKUP($B12,Dulieutho,ChiTiet!AC$2,FALSE),0))*100/_xlfn.IFNA(VLOOKUP($B12,SOP_Banh!$C:$X,20,FALSE),0)-100,0) -> -76.019185 | I12: =IFERROR(_xlfn.IFNA(VLOOKUP($B12,Dulieutho,ChiTiet!AF$2,FALSE),0)*100/_xlfn.IFNA(VLOOKUP($B12,SOP_Banh!$C:$X,21,FALSE),0)-100,0) -> 19.047619 | J12: =IFERROR(_xlfn.IFNA(VLOOKUP($B12,Dulieutho,ChiTiet!AD$2,FALSE),0)*100/_xlfn.IFNA(VLOOKUP($B12,SOP_Banh!$C:$X,22,FALSE),0)-100,0) -> -40.47619 | K12: =IFERROR(_xlfn.IFNA(VLOOKUP($B12,QuyDoi_DonVi!$C:$S,3,FALSE),0)*100/_xlfn.IFNA(VLOOKUP($B12,SOP_Banh!$C:$X,12,FALSE),0),0)-100 -> 78.571429 | L12: =IFERROR(_xlfn.IFNA(VLOOKUP($B12,QuyDoi_DonVi!$C:$S,5,FALSE),0)*100/(_xlfn.IFNA(VLOOKUP($B12,SOP_Banh!$C:$X,13,FALSE),0)*16)-100,0) -> -61.904762 | M12: =IFERROR(_xlfn.IFNA(VLOOKUP($B12,QuyDoi_DonVi!$C:$S,4,FALSE),0)*100/_xlfn.IFNA(VLOOKUP($B12,SOP_Banh!$C:$X,14,FALSE),0),0)-100 -> 19.047619 | N12: =IFERROR(_xlfn.IFNA(VLOOKUP($B12,Dulieutho,ChiTiet!L$2,FALSE),0)*100/_xlfn.IFNA(VLOOKUP($B12,SOP_Banh!$C:$X,15,FALSE),0),0)-100 -> -100 | O12: =IFERROR(_xlfn.IFNA(VLOOKUP($B12,Dulieutho,ChiTiet!AJ$2,FALSE),0)*192*100/_xlfn.IFNA(VLOOKUP($B12,SOP_Banh!$C:$X,16,FALSE),0)-100,0) -> -23.353293 | P12: =IFERROR(_xlfn.IFNA(VLOOKUP($B12,Dulieutho,ChiTiet!AG$2,FALSE),0)*100/_xlfn.IFNA(VLOOKUP($B12,SOP_Nuoc!$C:$H,3,FALSE),0)-100,0) -> -0.1996008 | Q12: =IFERROR(_xlfn.IFNA(VLOOKUP($B12,Dulieutho,ChiTiet!AH$2,FALSE),0)*3600*100/_xlfn.IFNA(VLOOKUP($B12,SOP_Banh!$C:$X,18,FALSE),0)-100,0) -> 79.640719 | R12: =IFERROR(_xlfn.IFNA(VLOOKUP($B12,QuyDoi_DonVi!$C:$S,17,FALSE),0)*100/_xlfn.IFNA(VLOOKUP($B12,SOP_Banh!$C:$X,19,FALSE),0),0)-100 -> -0.1996008 | S12: =_xlfn.IFNA(VLOOKUP($B12,SOP_Nuoc!$C:$W,19,FALSE),0) -> 0 | T12: =IF(S12<>0,IFERROR(_xlfn.IFNA(VLOOKUP($B12,QuyDoi_DonVi!$C:$S,7,FALSE),0)*100/_xlfn.IFNA(VLOOKUP($B12,SOP_Nuoc!$C:$W,20,FALSE),0),0)-100,0) -> 0 | U12: =_xlfn.IFNA(VLOOKUP($B12,QuyDoi_DonVi!$C:$S,10,FALSE),0) -> 24 | V12: =_xlfn.IFNA(VLOOKUP($B12,QuyDoi_DonVi!$C:$S,8,FALSE),0) -> 8 | W12: =_xlfn.IFNA(VLOOKUP($B12,Dulieutho,ChiTiet!S$2,FALSE),0) -> 48
A13: Cường | B13: F1-191 | C13: Tiệm ăn sáng NQ Lê Thánh Tôn (Trạm Chánh Hưng) | D13: =IFERROR(SUM(_xlfn.IFNA(VLOOKUP($B13,Dulieutho,ChiTiet!J$2,FALSE),0),_xlfn.IFNA(VLOOKUP($B13,Dulieutho,ChiTiet!K$2,FALSE),0),_xlfn.IFNA(VLOOKUP($B13,Dulieutho,ChiTiet!AK$2,FALSE),0),_xlfn.IFNA(VLOOKUP($B13,Dulieutho,ChiTiet!AL$2,FALSE),0))*100/_xlfn.IFNA(VLOOKUP($B13,SOP_Banh!$C:$X,7,FALSE),0),0)-100 -> 19.840213 | E13: =IFERROR(_xlfn.IFNA(VLOOKUP($B13,QuyDoi_DonVi!$C:$S,12,FALSE),0)*100/_xlfn.IFNA(VLOOKUP($B13,SOP_Banh!$C:$X,8,FALSE),0),0)-100 -> 69.69697 | F13: =IFERROR(_xlfn.IFNA(VLOOKUP($B13,QuyDoi_DonVi!$C:$S,13,FALSE),0)*100/_xlfn.IFNA(VLOOKUP($B13,SOP_Banh!$C:$X,9,FALSE),0),0)-100 -> 42.687277 | G13: =IFERROR(_xlfn.IFNA(VLOOKUP($B13,Dulieutho,ChiTiet!Z$2,FALSE),0)*100/_xlfn.IFNA(VLOOKUP($B13,SOP_Banh!$C:$X,10,FALSE),0),0)-100 -> 236.84211 | H13: =IFERROR(SUM(_xlfn.IFNA(VLOOKUP($B13,Dulieutho,ChiTiet!AB$2,FALSE),0),_xlfn.IFNA(VLOOKUP($B13,Dulieutho,ChiTiet!AC$2,FALSE),0))*100/_xlfn.IFNA(VLOOKUP($B13,SOP_Banh!$C:$X,20,FALSE),0)-100,0) -> -100 | I13: =IFERROR(_xlfn.IFNA(VLOOKUP($B13,Dulieutho,ChiTiet!AF$2,FALSE),0)*100/_xlfn.IFNA(VLOOKUP($B13,SOP_Banh!$C:$X,21,FALSE),0)-100,0) -> 35.135135 | J13: =IFERROR(_xlfn.IFNA(VLOOKUP($B13,Dulieutho,ChiTiet!AD$2,FALSE),0)*100/_xlfn.IFNA(VLOOKUP($B13,SOP_Banh!$C:$X,22,FALSE),0)-100,0) -> 11.111111 | K13: =IFERROR(_xlfn.IFNA(VLOOKUP($B13,QuyDoi_DonVi!$C:$S,3,FALSE),0)*100/_xlfn.IFNA(VLOOKUP($B13,SOP_Banh!$C:$X,12,FALSE),0),0)-100 -> 66.666667 | L13: =IFERROR(_xlfn.IFNA(VLOOKUP($B13,QuyDoi_DonVi!$C:$S,5,FALSE),0)*100/(_xlfn.IFNA(VLOOKUP($B13,SOP_Banh!$C:$X,13,FALSE),0)*16)-100,0) -> -46.666667 | M13: =IFERROR(_xlfn.IFNA(VLOOKUP($B13,QuyDoi_DonVi!$C:$S,4,FALSE),0)*100/_xlfn.IFNA(VLOOKUP($B13,SOP_Banh!$C:$X,14,FALSE),0),0)-100 -> 11.111111 | N13: =IFERROR(_xlfn.IFNA(VLOOKUP($B13,Dulieutho,ChiTiet!L$2,FALSE),0)*100/_xlfn.IFNA(VLOOKUP($B13,SOP_Banh!$C:$X,15,FALSE),0),0)-100 -> 55.405405 | O13: =IFERROR(_xlfn.IFNA(VLOOKUP($B13,Dulieutho,ChiTiet!AJ$2,FALSE),0)*192*100/_xlfn.IFNA(VLOOKUP($B13,SOP_Banh!$C:$X,16,FALSE),0)-100,0) -> -5.5737705 | P13: =IFERROR(_xlfn.IFNA(VLOOKUP($B13,Dulieutho,ChiTiet!AG$2,FALSE),0)*100/_xlfn.IFNA(VLOOKUP($B13,SOP_Nuoc!$C:$H,3,FALSE),0)-100,0) -> 9.2896175 | Q13: =IFERROR(_xlfn.IFNA(VLOOKUP($B13,Dulieutho,ChiTiet!AH$2,FALSE),0)*3600*100/_xlfn.IFNA(VLOOKUP($B13,SOP_Banh!$C:$X,18,FALSE),0)-100,0) -> 96.721311 | R13: =IFERROR(_xlfn.IFNA(VLOOKUP($B13,QuyDoi_DonVi!$C:$S,17,FALSE),0)*100/_xlfn.IFNA(VLOOKUP($B13,SOP_Banh!$C:$X,19,FALSE),0),0)-100 -> 22.95082 | S13: =_xlfn.IFNA(VLOOKUP($B13,SOP_Nuoc!$C:$W,19,FALSE),0) -> 25 | T13: =IF(S13<>0,IFERROR(_xlfn.IFNA(VLOOKUP($B13,QuyDoi_DonVi!$C:$S,7,FALSE),0)*100/_xlfn.IFNA(VLOOKUP($B13,SOP_Nuoc!$C:$W,20,FALSE),0),0)-100,0) -> -56 | U13: =_xlfn.IFNA(VLOOKUP($B13,QuyDoi_DonVi!$C:$S,10,FALSE),0) -> 24 | V13: =_xlfn.IFNA(VLOOKUP($B13,QuyDoi_DonVi!$C:$S,8,FALSE),0) -> 3 | W13: =_xlfn.IFNA(VLOOKUP($B13,Dulieutho,ChiTiet!S$2,FALSE),0) -> 48
A14: Cường | B14: F6-145 | C14: Tiệm ăn sáng NQ Lương Đình Của (Trạm Thủ Đức) | D14: =IFERROR(SUM(_xlfn.IFNA(VLOOKUP($B14,Dulieutho,ChiTiet!J$2,FALSE),0),_xlfn.IFNA(VLOOKUP($B14,Dulieutho,ChiTiet!K$2,FALSE),0),_xlfn.IFNA(VLOOKUP($B14,Dulieutho,ChiTiet!AK$2,FALSE),0),_xlfn.IFNA(VLOOKUP($B14,Dulieutho,ChiTiet!AL$2,FALSE),0))*100/_xlfn.IFNA(VLOOKUP($B14,SOP_Banh!$C:$X,7,FALSE),0),0)-100 -> -4.8076923 | E14: =IFERROR(_xlfn.IFNA(VLOOKUP($B14,QuyDoi_DonVi!$C:$S,12,FALSE),0)*100/_xlfn.IFNA(VLOOKUP($B14,SOP_Banh!$C:$X,8,FALSE),0),0)-100 -> 33.333333 | F14: =IFERROR(_xlfn.IFNA(VLOOKUP($B14,QuyDoi_DonVi!$C:$S,13,FALSE),0)*100/_xlfn.IFNA(VLOOKUP($B14,SOP_Banh!$C:$X,9,FALSE),0),0)-100 -> 121.843 | G14: =IFERROR(_xlfn.IFNA(VLOOKUP($B14,Dulieutho,ChiTiet!Z$2,FALSE),0)*100/_xlfn.IFNA(VLOOKUP($B14,SOP_Banh!$C:$X,10,FALSE),0),0)-100 -> -49.206349 | H14: =IFERROR(SUM(_xlfn.IFNA(VLOOKUP($B14,Dulieutho,ChiTiet!AB$2,FALSE),0),_xlfn.IFNA(VLOOKUP($B14,Dulieutho,ChiTiet!AC$2,FALSE),0))*100/_xlfn.IFNA(VLOOKUP($B14,SOP_Banh!$C:$X,20,FALSE),0)-100,0) -> -56.730769 | I14: =IFERROR(_xlfn.IFNA(VLOOKUP($B14,Dulieutho,ChiTiet!AF$2,FALSE),0)*100/_xlfn.IFNA(VLOOKUP($B14,SOP_Banh!$C:$X,21,FALSE),0)-100,0) -> 25 | J14: =IFERROR(_xlfn.IFNA(VLOOKUP($B14,Dulieutho,ChiTiet!AD$2,FALSE),0)*100/_xlfn.IFNA(VLOOKUP($B14,SOP_Banh!$C:$X,22,FALSE),0)-100,0) -> -24.242424 | K14: =IFERROR(_xlfn.IFNA(VLOOKUP($B14,QuyDoi_DonVi!$C:$S,3,FALSE),0)*100/_xlfn.IFNA(VLOOKUP($B14,SOP_Banh!$C:$X,12,FALSE),0),0)-100 -> -24.242424 | L14: =IFERROR(_xlfn.IFNA(VLOOKUP($B14,QuyDoi_DonVi!$C:$S,5,FALSE),0)*100/(_xlfn.IFNA(VLOOKUP($B14,SOP_Banh!$C:$X,13,FALSE),0)*16)-100,0) -> -75.757576 | M14: =IFERROR(_xlfn.IFNA(VLOOKUP($B14,QuyDoi_DonVi!$C:$S,4,FALSE),0)*100/_xlfn.IFNA(VLOOKUP($B14,SOP_Banh!$C:$X,14,FALSE),0),0)-100 -> 51.515152 | N14: =IFERROR(_xlfn.IFNA(VLOOKUP($B14,Dulieutho,ChiTiet!L$2,FALSE),0)*100/_xlfn.IFNA(VLOOKUP($B14,SOP_Banh!$C:$X,15,FALSE),0),0)-100 -> 0 | O14: =IFERROR(_xlfn.IFNA(VLOOKUP($B14,Dulieutho,ChiTiet!AJ$2,FALSE),0)*192*100/_xlfn.IFNA(VLOOKUP($B14,SOP_Banh!$C:$X,16,FALSE),0)-100,0) -> -27.927928 | P14: =IFERROR(_xlfn.IFNA(VLOOKUP($B14,Dulieutho,ChiTiet!AG$2,FALSE),0)*100/_xlfn.IFNA(VLOOKUP($B14,SOP_Nuoc!$C:$H,3,FALSE),0)-100,0) -> -24.924925 | Q14: =IFERROR(_xlfn.IFNA(VLOOKUP($B14,Dulieutho,ChiTiet!AH$2,FALSE),0)*3600*100/_xlfn.IFNA(VLOOKUP($B14,SOP_Banh!$C:$X,18,FALSE),0)-100,0) -> 170.27027 | R14: =IFERROR(_xlfn.IFNA(VLOOKUP($B14,QuyDoi_DonVi!$C:$S,17,FALSE),0)*100/_xlfn.IFNA(VLOOKUP($B14,SOP_Banh!$C:$X,19,FALSE),0),0)-100 -> -24.924925 | S14: =_xlfn.IFNA(VLOOKUP($B14,SOP_Nuoc!$C:$W,19,FALSE),0) -> 0 | T14: =IF(S14<>0,IFERROR(_xlfn.IFNA(VLOOKUP($B14,QuyDoi_DonVi!$C:$S,7,FALSE),0)*100/_xlfn.IFNA(VLOOKUP($B14,SOP_Nuoc!$C:$W,20,FALSE),0),0)-100,0) -> 0 | U14: =_xlfn.IFNA(VLOOKUP($B14,QuyDoi_DonVi!$C:$S,10,FALSE),0) -> 12 | V14: =_xlfn.IFNA(VLOOKUP($B14,QuyDoi_DonVi!$C:$S,8,FALSE),0) -> 4 | W14: =_xlfn.IFNA(VLOOKUP($B14,Dulieutho,ChiTiet!S$2,FALSE),0) -> 48
... A96: Thế | B96: F5-187 | C96: Tiệm ăn sáng NQ Lê Đại Hành (Trạm SVH) | D96: =IFERROR(SUM(_xlfn.IFNA(VLOOKUP($B96,Dulieutho,ChiTiet!J$2,FALSE),0),_xlfn.IFNA(VLOOKUP($B96,Dulieutho,ChiTiet!K$2,FALSE),0),_xlfn.IFNA(VLOOKUP($B96,Dulieutho,ChiTiet!AK$2,FALSE),0),_xlfn.IFNA(VLOOKUP($B96,Dulieutho,ChiTiet!AL$2,FALSE),0))*100/_xlfn.IFNA(VLOOKUP($B96,SOP_Banh!$C:$X,7,FALSE),0),0)-100 -> 18.556701 | E96: =IFERROR(_xlfn.IFNA(VLOOKUP($B96,QuyDoi_DonVi!$C:$S,12,FALSE),0)*100/_xlfn.IFNA(VLOOKUP($B96,SOP_Banh!$C:$X,8,FALSE),0),0)-100 -> -37.694704 | F96: =IFERROR(_xlfn.IFNA(VLOOKUP($B96,QuyDoi_DonVi!$C:$S,13,FALSE),0)*100/_xlfn.IFNA(VLOOKUP($B96,SOP_Banh!$C:$X,9,FALSE),0),0)-100 -> 13.960114 | G96: =IFERROR(_xlfn.IFNA(VLOOKUP($B96,Dulieutho,ChiTiet!Z$2,FALSE),0)*100/_xlfn.IFNA(VLOOKUP($B96,SOP_Banh!$C:$X,10,FALSE),0),0)-100 -> -3.030303 | H96: =IFERROR(SUM(_xlfn.IFNA(VLOOKUP($B96,Dulieutho,ChiTiet!AB$2,FALSE),0),_xlfn.IFNA(VLOOKUP($B96,Dulieutho,ChiTiet!AC$2,FALSE),0))*100/_xlfn.IFNA(VLOOKUP($B96,SOP_Banh!$C:$X,20,FALSE),0)-100,0) -> -31.271478 | I96: =IFERROR(_xlfn.IFNA(VLOOKUP($B96,Dulieutho,ChiTiet!AF$2,FALSE),0)*100/_xlfn.IFNA(VLOOKUP($B96,SOP_Banh!$C:$X,21,FALSE),0)-100,0) -> -100 | J96: =IFERROR(_xlfn.IFNA(VLOOKUP($B96,Dulieutho,ChiTiet!AD$2,FALSE),0)*100/_xlfn.IFNA(VLOOKUP($B96,SOP_Banh!$C:$X,22,FALSE),0)-100,0) -> -16.666667 | K96: =IFERROR(_xlfn.IFNA(VLOOKUP($B96,QuyDoi_DonVi!$C:$S,3,FALSE),0)*100/_xlfn.IFNA(VLOOKUP($B96,SOP_Banh!$C:$X,12,FALSE),0),0)-100 -> -100 | L96: =IFERROR(_xlfn.IFNA(VLOOKUP($B96,QuyDoi_DonVi!$C:$S,5,FALSE),0)*100/(_xlfn.IFNA(VLOOKUP($B96,SOP_Banh!$C:$X,13,FALSE),0)*16)-100,0) -> -20 | M96: =IFERROR(_xlfn.IFNA(VLOOKUP($B96,QuyDoi_DonVi!$C:$S,4,FALSE),0)*100/_xlfn.IFNA(VLOOKUP($B96,SOP_Banh!$C:$X,14,FALSE),0),0)-100 -> -100 | N96: =IFERROR(_xlfn.IFNA(VLOOKUP($B96,Dulieutho,ChiTiet!L$2,FALSE),0)*100/_xlfn.IFNA(VLOOKUP($B96,SOP_Banh!$C:$X,15,FALSE),0),0)-100 -> 0 | O96: =IFERROR(_xlfn.IFNA(VLOOKUP($B96,Dulieutho,ChiTiet!AJ$2,FALSE),0)*192*100/_xlfn.IFNA(VLOOKUP($B96,SOP_Banh!$C:$X,16,FALSE),0)-100,0) -> -24.409449 | P96: =IFERROR(_xlfn.IFNA(VLOOKUP($B96,Dulieutho,ChiTiet!AG$2,FALSE),0)*100/_xlfn.IFNA(VLOOKUP($B96,SOP_Nuoc!$C:$H,3,FALSE),0)-100,0) -> -100 | Q96: =IFERROR(_xlfn.IFNA(VLOOKUP($B96,Dulieutho,ChiTiet!AH$2,FALSE),0)*3600*100/_xlfn.IFNA(VLOOKUP($B96,SOP_Banh!$C:$X,18,FALSE),0)-100,0) -> -100 | R96: =IFERROR(_xlfn.IFNA(VLOOKUP($B96,QuyDoi_DonVi!$C:$S,17,FALSE),0)*100/_xlfn.IFNA(VLOOKUP($B96,SOP_Banh!$C:$X,19,FALSE),0),0)-100 -> -100 | S96: =_xlfn.IFNA(VLOOKUP($B96,SOP_Nuoc!$C:$W,19,FALSE),0) -> 0 | T96: =IF(S96<>0,IFERROR(_xlfn.IFNA(VLOOKUP($B96,QuyDoi_DonVi!$C:$S,7,FALSE),0)*100/_xlfn.IFNA(VLOOKUP($B96,SOP_Nuoc!$C:$W,20,FALSE),0),0)-100,0) -> 0 | U96: =_xlfn.IFNA(VLOOKUP($B96,QuyDoi_DonVi!$C:$S,10,FALSE),0) -> 0 | V96: =_xlfn.IFNA(VLOOKUP($B96,QuyDoi_DonVi!$C:$S,8,FALSE),0) -> 6.5 | W96: =_xlfn.IFNA(VLOOKUP($B96,Dulieutho,ChiTiet!S$2,FALSE),0) -> 24

Sheet Tổng hợp T5
A1: TỔNG HỢP TÌNH HÌNH NHẬP NVL CỦA CÁC NQ
A3: STT | B3: QL | C3: Tên NQ | D3: Tình hình nhập NVL | E3: Hướng xử lý
A4: 1 | B4: Cường | C4: NQ Phước Kiểng 1 | D4: - Pepsi nhập NCC tại Quy Nhơn | E4: Gửi thông báo nhắc nhở. Còn tiếp tục sẽ phạt
A5: 2 | B5: Cường | C5: NQ Âu Dương Lân
A6: 3 | B6: Cường | C6: NQ Cô Giang 1 | D6: - Dầu ăn, tương cà không nhập
A7: 4 | B7: Cường | C7: NQ Đinh Tiên Hoàng | D7: - 1 số NVL không nhập do còn tồn từ tháng trước
A8: 5 | B8: Cường | C8: NQ Đồng Nai | D8: - Sữa bột, đường không đặt do còn tồn từ tháng trước. | E8: Nhắc nhở NQ nhập đầy đủ từ công ty
A9: 6 | B9: Cường | C9: NQ Hóc Môn | D9: - Tương cà chỉ nhập 19%, tương mayonaise nhập 20%, dầu ăn nhập 40%
A10: 7 | B10: Cường | C10: NQ Huỳnh Tấn Phát | D10: Các CH sử dụng hết hàng tồn để nghỉ hè nên 1 số NVL không đặt.
A11: 8 | B11: Cường | C11: NQ Huỳnh Tịnh Của
A12: 9 | B12: Cường | C12: NQ Kỳ Đồng
A13: 10 | B13: Cường | C13: NQ Lâm Văn Bền
A14: 11 | B14: Cường | C14: NQ Lê Thánh Tôn
A15: 12 | B15: Cường | C15: NQ Lương Đình Của
A16: 13 | B16: Cường | C16: NQ Nguyễn ảnh Thủ
A17: 14 | B17: Cường | C17: NQ Lê Trọng Tấn
A18: 15 | B18: Cường | C18: NQ Nguyễn Đình Chiểu
A19: 16 | B19: Cường | C19: NQ Nguyễn Duy Trinh
A20: 17 | B20: Cường | C20: NQ Nguyễn Khoái | D20: - Đường, pepsi không nhập | E20: Nhắc nhở NQ nhập đầy đủ từ công ty
A21: 18 | B21: Cường | C21: NQ Nguyễn Thị Định | D21: - Dầu ăn chỉ đặt 24%
A22: 19 | B22: Cường | C22: NQ Lý Thái Tổ | D22: CH nhập NVL đầy đủ đúng SOP
A23: 20 | B23: Cường | C23: NQ Nhà Bè | D23: CH nhập NVL đầy đủ đúng SOP
A24: 21 | B24: Cường | C24: NQ Phạm Đăng Giảng | D24: 1 số NVL không nhập do còn tồn từ tháng trước
A25: 22 | B25: Cường | C25: NQ Phạm Hữu Lầu
A26: 23 | B26: Cường | C26: NQ Phan Văn Trị
A27: 24 | B27: Cường | C27: NQ Phú Xuân
A28: 25 | B28: Cường | C28: NQ Sông Giồng
A29: 26 | B29: Cường | C29: NQ Tôn Thất Thuyết
A30: 27 | B30: Cường | C30: NQ Trung Mỹ Tây
A31: 28 | B31: Cường | C31: NQ Trương Văn Bang
A32: 29 | B32: Cường | C32: NQ Vĩnh Khánh
A33: 30 | B33: Cường | C33: NQ Vĩnh Lộc KDC
A34: 31 | B34: Cường | C34: NQ Vĩnh Viễn
A35: 32 | B35: Cường | C35: NQ Lê Văn Lương
A36: 33 | B36: Tuyết | C36: NQ An Lạc
... A97: 94 | B97: Thế | C97: NQ Lê Đại Hành
